Isolate,Accession_number,Collection_time,Country,Continent,Clade,Source
ERR047884,ERR047884,2009,Samara, Russia,Europe,EAI,Casali et al. (2014)
ERR234635,ERR234635,2009,Samara, Russia,Europe,EAI,Casali et al. (2014)
ERR158603,ERR158603,2009,Samara, Russia,Europe,EAI,Casali et al. (2014)
ERR117453,ERR117453,2009,Samara, Russia,Europe,Beijing_cladeA,Casali et al. (2014)
ERR229922,ERR229922,2009,Samara, Russia,Europe,Beijing_cladeA,Casali et al. (2014)
ERR228017,ERR228017,2009,Samara, Russia,Europe,Beijing_cladeA,Casali et al. (2014)
ERR133889,ERR133889,2009,Samara, Russia,Europe,Beijing_cladeA,Casali et al. (2014)
ERR067673,ERR067673,2009,Samara, Russia,Europe,Beijing_cladeA,Casali et al. (2014)
ERR229966,ERR229966,2009,Samara, Russia,Europe,Beijing_cladeA,Casali et al. (2014)
ERR229923,ERR229923,2009,Samara, Russia,Europe,Beijing_cladeA,Casali et al. (2014)
ERR234623,ERR234623,2009,Samara, Russia,Europe,Beijing_cladeA,Casali et al. (2014)
ERR108502,ERR108502,2009,Samara, Russia,Europe,Beijing_cladeA,Casali et al. (2014)
ERR067718,ERR067718,2009,Samara, Russia,Europe,Beijing_cladeA,Casali et al. (2014)
ERR229962,ERR229962,2009,Samara, Russia,Europe,Beijing_cladeA,Casali et al. (2014)
ERR234593,ERR234593,2009,Samara, Russia,Europe,Beijing_cladeA,Casali et al. (2014)
ERR108491,ERR108491,2009,Samara, Russia,Europe,Beijing_cladeA,Casali et al. (2014)
ERR158597,ERR158597,2009,Samara, Russia,Europe,Beijing_cladeA,Casali et al. (2014)
ERR067649,ERR067649,2009,Samara, Russia,Europe,Beijing_cladeA,Casali et al. (2014)
ERR229916,ERR229916,2009,Samara, Russia,Europe,Beijing_cladeA,Casali et al. (2014)
ERR144543,ERR144543,2009,Samara, Russia,Europe,Beijing_cladeA,Casali et al. (2014)
ERR144600,ERR144600,2009,Samara, Russia,Europe,Beijing_cladeA,Casali et al. (2014)
ERR067587,ERR067587,2009,Samara, Russia,Europe,Beijing_cladeA,Casali et al. (2014)
ERR137269,ERR137269,2009,Samara, Russia,Europe,Beijing_cladeA,Casali et al. (2014)
ERR234576,ERR234576,2009,Samara, Russia,Europe,Beijing_cladeA,Casali et al. (2014)
ERR227978,ERR227978,2009,Samara, Russia,Europe,Beijing_cladeA,Casali et al. (2014)
ERR228064,ERR228064,2009,Samara, Russia,Europe,Beijing_cladeA,Casali et al. (2014)
ERR229960,ERR229960,2009,Samara, Russia,Europe,Beijing_cladeA,Casali et al. (2014)
ERR133853,ERR133853,2009,Samara, Russia,Europe,Beijing_cladeA,Casali et al. (2014)
ERR158611,ERR158611,2009,Samara, Russia,Europe,Beijing_cladeA,Casali et al. (2014)
ERR067611,ERR067611,2009,Samara, Russia,Europe,Beijing_cladeA,Casali et al. (2014)
ERR137211,ERR137211,2009,Samara, Russia,Europe,Beijing_cladeA,Casali et al. (2014)
ERR117470,ERR117470,2009,Samara, Russia,Europe,Beijing_cladeA,Casali et al. (2014)
ERR144593,ERR144593,2009,Samara, Russia,Europe,Beijing_cladeA,Casali et al. (2014)
ERR144549,ERR144549,2009,Samara, Russia,Europe,Beijing_cladeA,Casali et al. (2014)
ERR067578,ERR067578,2009,Samara, Russia,Europe,Beijing_cladeA,Casali et al. (2014)
ERR067583,ERR067583,2009,Samara, Russia,Europe,Beijing_cladeA,Casali et al. (2014)
ERR228020,ERR228020,2009,Samara, Russia,Europe,Beijing_cladeA,Casali et al. (2014)
ERR229994,ERR229994,2009,Samara, Russia,Europe,Beijing_cladeA,Casali et al. (2014)
ERR067656,ERR067656,2009,Samara, Russia,Europe,Beijing_cladeA,Casali et al. (2014)
ERR108484,ERR108484,2009,Samara, Russia,Europe,Beijing_cladeA,Casali et al. (2014)
ERR067654,ERR067654,2009,Samara, Russia,Europe,Beijing_cladeA,Casali et al. (2014)
ERR133848,ERR133848,2009,Samara, Russia,Europe,Beijing_cladeA,Casali et al. (2014)
ERR158576,ERR158576,2009,Samara, Russia,Europe,Beijing_cladeA,Casali et al. (2014)
ERR158585,ERR158585,2009,Samara, Russia,Europe,Beijing_cladeA,Casali et al. (2014)
ERR067758,ERR067758,2009,Samara, Russia,Europe,Beijing_cladeA,Casali et al. (2014)
ERR067762,ERR067762,2009,Samara, Russia,Europe,Beijing_cladeA,Casali et al. (2014)
ERR067721,ERR067721,2009,Samara, Russia,Europe,Beijing_cladeA,Casali et al. (2014)
ERR067720,ERR067720,2009,Samara, Russia,Europe,Beijing_cladeA,Casali et al. (2014)
ERR067741,ERR067741,2009,Samara, Russia,Europe,Beijing_cladeA,Casali et al. (2014)
ERR067739,ERR067739,2009,Samara, Russia,Europe,Beijing_cladeA,Casali et al. (2014)
ERR067742,ERR067742,2009,Samara, Russia,Europe,Beijing_cladeA,Casali et al. (2014)
ERR067761,ERR067761,2009,Samara, Russia,Europe,Beijing_cladeA,Casali et al. (2014)
ERR229931,ERR229931,2009,Samara, Russia,Europe,Beijing_cladeA,Casali et al. (2014)
ERR067750,ERR067750,2009,Samara, Russia,Europe,Beijing_cladeA,Casali et al. (2014)
ERR067754,ERR067754,2009,Samara, Russia,Europe,Beijing_cladeA,Casali et al. (2014)
ERR108462,ERR108462,2009,Samara, Russia,Europe,Beijing_cladeA,Casali et al. (2014)
ERR137283,ERR137283,2009,Samara, Russia,Europe,Beijing_cladeA,Casali et al. (2014)
ERR234598,ERR234598,2009,Samara, Russia,Europe,Beijing_cladeA,Casali et al. (2014)
ERR234568,ERR234568,2009,Samara, Russia,Europe,Beijing_cladeA,Casali et al. (2014)
ERR234628,ERR234628,2009,Samara, Russia,Europe,Beijing_cladeA,Casali et al. (2014)
ERR133906,ERR133906,2009,Samara, Russia,Europe,Beijing_cladeA,Casali et al. (2014)
ERR133895,ERR133895,2009,Samara, Russia,Europe,Beijing_cladeA,Casali et al. (2014)
ERR137262,ERR137262,2009,Samara, Russia,Europe,Beijing_cladeA,Casali et al. (2014)
ERR234698,ERR234698,2009,Samara, Russia,Europe,Beijing_cladeA,Casali et al. (2014)
ERR108458,ERR108458,2009,Samara, Russia,Europe,Beijing_cladeA,Casali et al. (2014)
ERR234609,ERR234609,2009,Samara, Russia,Europe,Beijing_cladeA,Casali et al. (2014)
ERR229924,ERR229924,2009,Samara, Russia,Europe,Beijing_cladeA,Casali et al. (2014)
ERR158613,ERR158613,2009,Samara, Russia,Europe,Beijing_cladeA,Casali et al. (2014)
ERR144633,ERR144633,2009,Samara, Russia,Europe,Beijing_cladeA,Casali et al. (2014)
ERR137281,ERR137281,2009,Samara, Russia,Europe,Beijing_cladeA,Casali et al. (2014)
ERR133959,ERR133959,2009,Samara, Russia,Europe,Beijing_cladeA,Casali et al. (2014)
ERR108475,ERR108475,2009,Samara, Russia,Europe,Beijing_cladeA,Casali et al. (2014)
ERR133831,ERR133831,2009,Samara, Russia,Europe,Beijing_cladeA,Casali et al. (2014)
ERR137220,ERR137220,2009,Samara, Russia,Europe,Beijing_cladeA,Casali et al. (2014)
ERR137277,ERR137277,2009,Samara, Russia,Europe,Beijing_cladeA,Casali et al. (2014)
ERR133886,ERR133886,2009,Samara, Russia,Europe,Beijing_cladeA,Casali et al. (2014)
ERR229946,ERR229946,2009,Samara, Russia,Europe,Beijing_cladeA,Casali et al. (2014)
ERR144597,ERR144597,2009,Samara, Russia,Europe,Beijing_cladeA,Casali et al. (2014)
ERR144615,ERR144615,2009,Samara, Russia,Europe,Beijing_cladeA,Casali et al. (2014)
ERR158592,ERR158592,2009,Samara, Russia,Europe,Beijing_cladeA,Casali et al. (2014)
ERR133806,ERR133806,2009,Samara, Russia,Europe,Beijing_cladeA,Casali et al. (2014)
ERR067620,ERR067620,2009,Samara, Russia,Europe,Beijing_cladeA,Casali et al. (2014)
ERR067695,ERR067695,2009,Samara, Russia,Europe,Beijing_cladeA,Casali et al. (2014)
ERR137222,ERR137222,2009,Samara, Russia,Europe,Beijing_cladeA,Casali et al. (2014)
ERR133902,ERR133902,2009,Samara, Russia,Europe,Beijing_cladeA,Casali et al. (2014)
ERR137204,ERR137204,2009,Samara, Russia,Europe,Beijing_cladeA,Casali et al. (2014)
ERR234653,ERR234653,2009,Samara, Russia,Europe,Beijing_cladeA,Casali et al. (2014)
ERR067613,ERR067613,2009,Samara, Russia,Europe,Beijing_cladeA,Casali et al. (2014)
ERR227996,ERR227996,2009,Samara, Russia,Europe,Beijing_cladeA,Casali et al. (2014)
ERR137210,ERR137210,2009,Samara, Russia,Europe,Beijing_cladeA,Casali et al. (2014)
ERR234660,ERR234660,2009,Samara, Russia,Europe,Beijing_cladeA,Casali et al. (2014)
ERR108436,ERR108436,2009,Samara, Russia,Europe,Beijing_cladeA,Casali et al. (2014)
ERR133930,ERR133930,2009,Samara, Russia,Europe,Beijing_cladeA,Casali et al. (2014)
ERR108473,ERR108473,2009,Samara, Russia,Europe,Beijing_cladeA,Casali et al. (2014)
ERR234641,ERR234641,2009,Samara, Russia,Europe,Beijing_cladeA,Casali et al. (2014)
ERR133826,ERR133826,2009,Samara, Russia,Europe,Beijing_cladeA,Casali et al. (2014)
ERR133854,ERR133854,2009,Samara, Russia,Europe,Beijing_cladeA,Casali et al. (2014)
ERR144632,ERR144632,2009,Samara, Russia,Europe,Beijing_cladeA,Casali et al. (2014)
ERR067576,ERR067576,2009,Samara, Russia,Europe,Beijing_cladeA,Casali et al. (2014)
ERR228029,ERR228029,2009,Samara, Russia,Europe,Beijing_cladeA,Casali et al. (2014)
ERR137225,ERR137225,2009,Samara, Russia,Europe,Beijing_cladeA,Casali et al. (2014)
ERR234615,ERR234615,2009,Samara, Russia,Europe,Beijing_cladeA,Casali et al. (2014)
ERR228019,ERR228019,2009,Samara, Russia,Europe,Beijing_cladeA,Casali et al. (2014)
ERR133845,ERR133845,2009,Samara, Russia,Europe,Beijing_cladeA,Casali et al. (2014)
ERR067698,ERR067698,2009,Samara, Russia,Europe,Beijing_cladeA,Casali et al. (2014)
ERR133868,ERR133868,2009,Samara, Russia,Europe,Beijing_cladeA,Casali et al. (2014)
ERR229933,ERR229933,2009,Samara, Russia,Europe,Beijing_cladeA,Casali et al. (2014)
ERR144551,ERR144551,2009,Samara, Russia,Europe,Beijing_cladeA,Casali et al. (2014)
ERR234590,ERR234590,2009,Samara, Russia,Europe,Beijing_cladeA,Casali et al. (2014)
ERR228061,ERR228061,2009,Samara, Russia,Europe,Beijing_cladeA,Casali et al. (2014)
ERR117468,ERR117468,2009,Samara, Russia,Europe,Beijing_cladeA,Casali et al. (2014)
ERR234565,ERR234565,2009,Samara, Russia,Europe,Beijing_cladeA,Casali et al. (2014)
ERR144556,ERR144556,2009,Samara, Russia,Europe,Beijing_cladeA,Casali et al. (2014)
ERR234666,ERR234666,2009,Samara, Russia,Europe,Beijing_cladeA,Casali et al. (2014)
ERR234570,ERR234570,2009,Samara, Russia,Europe,Beijing_cladeA,Casali et al. (2014)
ERR228046,ERR228046,2009,Samara, Russia,Europe,Beijing_cladeA,Casali et al. (2014)
ERR067652,ERR067652,2009,Samara, Russia,Europe,Beijing_cladeA,Casali et al. (2014)
ERR067662,ERR067662,2009,Samara, Russia,Europe,Beijing_cladeA,Casali et al. (2014)
ERR158586,ERR158586,2009,Samara, Russia,Europe,Beijing_cladeA,Casali et al. (2014)
ERR067711,ERR067711,2009,Samara, Russia,Europe,Beijing_cladeA,Casali et al. (2014)
ERR234618,ERR234618,2009,Samara, Russia,Europe,Beijing_cladeA,Casali et al. (2014)
ERR229921,ERR229921,2009,Samara, Russia,Europe,Beijing_cladeA,Casali et al. (2014)
ERR229918,ERR229918,2009,Samara, Russia,Europe,Beijing_cladeA,Casali et al. (2014)
ERR229980,ERR229980,2009,Samara, Russia,Europe,Beijing_cladeA,Casali et al. (2014)
ERR234633,ERR234633,2009,Samara, Russia,Europe,Beijing_cladeA,Casali et al. (2014)
ERR067710,ERR067710,2009,Samara, Russia,Europe,Beijing_cladeA,Casali et al. (2014)
ERR137237,ERR137237,2009,Samara, Russia,Europe,Beijing_cladeA,Casali et al. (2014)
ERR234622,ERR234622,2009,Samara, Russia,Europe,Beijing_cladeA,Casali et al. (2014)
ERR067651,ERR067651,2009,Samara, Russia,Europe,Beijing_cladeA,Casali et al. (2014)
ERR067650,ERR067650,2009,Samara, Russia,Europe,Beijing_cladeA,Casali et al. (2014)
ERR133860,ERR133860,2009,Samara, Russia,Europe,Beijing_cladeA,Casali et al. (2014)
ERR234560,ERR234560,2009,Samara, Russia,Europe,Beijing_cladeA,Casali et al. (2014)
ERR234595,ERR234595,2009,Samara, Russia,Europe,Beijing_cladeA,Casali et al. (2014)
ERR133915,ERR133915,2009,Samara, Russia,Europe,Beijing_cladeA,Casali et al. (2014)
ERR108493,ERR108493,2009,Samara, Russia,Europe,Beijing_cladeA,Casali et al. (2014)
ERR144590,ERR144590,2009,Samara, Russia,Europe,Beijing_cladeA,Casali et al. (2014)
ERR067663,ERR067663,2009,Samara, Russia,Europe,Beijing_cladeA,Casali et al. (2014)
ERR137230,ERR137230,2009,Samara, Russia,Europe,Beijing_cladeA,Casali et al. (2014)
ERR067592,ERR067592,2009,Samara, Russia,Europe,Beijing_cladeA,Casali et al. (2014)
ERR133885,ERR133885,2009,Samara, Russia,Europe,Beijing_cladeA,Casali et al. (2014)
ERR067635,ERR067635,2009,Samara, Russia,Europe,Beijing_cladeA,Casali et al. (2014)
ERR067704,ERR067704,2009,Samara, Russia,Europe,Beijing_cladeA,Casali et al. (2014)
ERR133827,ERR133827,2009,Samara, Russia,Europe,Beijing_cladeA,Casali et al. (2014)
ERR133866,ERR133866,2009,Samara, Russia,Europe,Beijing_cladeA,Casali et al. (2014)
ERR108503,ERR108503,2009,Samara, Russia,Europe,Beijing_cladeA,Casali et al. (2014)
ERR137248,ERR137248,2009,Samara, Russia,Europe,Beijing_cladeA,Casali et al. (2014)
ERR234637,ERR234637,2009,Samara, Russia,Europe,Beijing_cladeA,Casali et al. (2014)
ERR230008,ERR230008,2009,Samara, Russia,Europe,Beijing_cladeA,Casali et al. (2014)
ERR234608,ERR234608,2009,Samara, Russia,Europe,Beijing_cladeA,Casali et al. (2014)
ERR067765,ERR067765,2009,Samara, Russia,Europe,Beijing_cladeA,Casali et al. (2014)
ERR108489,ERR108489,2009,Samara, Russia,Europe,Beijing_cladeA,Casali et al. (2014)
ERR144628,ERR144628,2009,Samara, Russia,Europe,Beijing_cladeA,Casali et al. (2014)
ERR133944,ERR133944,2009,Samara, Russia,Europe,Beijing_cladeA,Casali et al. (2014)
ERR144611,ERR144611,2009,Samara, Russia,Europe,Beijing_cladeA,Casali et al. (2014)
ERR234602,ERR234602,2009,Samara, Russia,Europe,Beijing_cladeA,Casali et al. (2014)
ERR137275,ERR137275,2009,Samara, Russia,Europe,Beijing_cladeA,Casali et al. (2014)
ERR234574,ERR234574,2009,Samara, Russia,Europe,Beijing_cladeA,Casali et al. (2014)
ERR133953,ERR133953,2009,Samara, Russia,Europe,Beijing_cladeA,Casali et al. (2014)
ERR144553,ERR144553,2009,Samara, Russia,Europe,Beijing_cladeA,Casali et al. (2014)
ERR137272,ERR137272,2009,Samara, Russia,Europe,Beijing_cladeA,Casali et al. (2014)
ERR117460,ERR117460,2009,Samara, Russia,Europe,Beijing_cladeA,Casali et al. (2014)
ERR144548,ERR144548,2009,Samara, Russia,Europe,Beijing_cladeA,Casali et al. (2014)
ERR144562,ERR144562,2009,Samara, Russia,Europe,Beijing_cladeA,Casali et al. (2014)
ERR067623,ERR067623,2009,Samara, Russia,Europe,Beijing_cladeA,Casali et al. (2014)
ERR234596,ERR234596,2009,Samara, Russia,Europe,Beijing_cladeA,Casali et al. (2014)
ERR227995,ERR227995,2009,Samara, Russia,Europe,Beijing_cladeA,Casali et al. (2014)
ERR108467,ERR108467,2009,Samara, Russia,Europe,Beijing_cladeA,Casali et al. (2014)
ERR144561,ERR144561,2009,Samara, Russia,Europe,Beijing_cladeA,Casali et al. (2014)
ERR133839,ERR133839,2009,Samara, Russia,Europe,Beijing_cladeA,Casali et al. (2014)
ERR144575,ERR144575,2009,Samara, Russia,Europe,Beijing_cladeA,Casali et al. (2014)
ERR228013,ERR228013,2009,Samara, Russia,Europe,Beijing_cladeA,Casali et al. (2014)
ERR133931,ERR133931,2009,Samara, Russia,Europe,Beijing_cladeA,Casali et al. (2014)
ERR234573,ERR234573,2009,Samara, Russia,Europe,Beijing_cladeA,Casali et al. (2014)
ERR144574,ERR144574,2009,Samara, Russia,Europe,Beijing_cladeA,Casali et al. (2014)
ERR067687,ERR067687,2009,Samara, Russia,Europe,Beijing_cladeA,Casali et al. (2014)
ERR144620,ERR144620,2009,Samara, Russia,Europe,Beijing_cladeA,Casali et al. (2014)
ERR133908,ERR133908,2009,Samara, Russia,Europe,Beijing_cladeA,Casali et al. (2014)
ERR228042,ERR228042,2009,Samara, Russia,Europe,Beijing_cladeA,Casali et al. (2014)
ERR228050,ERR228050,2009,Samara, Russia,Europe,Beijing_cladeA,Casali et al. (2014)
ERR228012,ERR228012,2009,Samara, Russia,Europe,Beijing_cladeA,Casali et al. (2014)
ERR227987,ERR227987,2009,Samara, Russia,Europe,Beijing_cladeA,Casali et al. (2014)
ERR133957,ERR133957,2009,Samara, Russia,Europe,Beijing_cladeA,Casali et al. (2014)
ERR137260,ERR137260,2009,Samara, Russia,Europe,Beijing_cladeA,Casali et al. (2014)
ERR229998,ERR229998,2009,Samara, Russia,Europe,Beijing_cladeA,Casali et al. (2014)
ERR067660,ERR067660,2009,Samara, Russia,Europe,Beijing_cladeA,Casali et al. (2014)
ERR234563,ERR234563,2009,Samara, Russia,Europe,Beijing_cladeA,Casali et al. (2014)
ERR067619,ERR067619,2009,Samara, Russia,Europe,Beijing_cladeA,Casali et al. (2014)
ERR137246,ERR137246,2009,Samara, Russia,Europe,Beijing_cladeA,Casali et al. (2014)
ERR133805,ERR133805,2009,Samara, Russia,Europe,Beijing_cladeA,Casali et al. (2014)
ERR067618,ERR067618,2009,Samara, Russia,Europe,Beijing_cladeA,Casali et al. (2014)
ERR234606,ERR234606,2009,Samara, Russia,Europe,Beijing_cladeA,Casali et al. (2014)
ERR228003,ERR228003,2009,Samara, Russia,Europe,Beijing_cladeA,Casali et al. (2014)
ERR067622,ERR067622,2009,Samara, Russia,Europe,Beijing_cladeA,Casali et al. (2014)
ERR133919,ERR133919,2009,Samara, Russia,Europe,Beijing_cladeA,Casali et al. (2014)
ERR133910,ERR133910,2009,Samara, Russia,Europe,Beijing_cladeA,Casali et al. (2014)
ERR067709,ERR067709,2009,Samara, Russia,Europe,Beijing_cladeA,Casali et al. (2014)
ERR144636,ERR144636,2009,Samara, Russia,Europe,Beijing_cladeA,Casali et al. (2014)
ERR067653,ERR067653,2009,Samara, Russia,Europe,Beijing_cladeA,Casali et al. (2014)
ERR137223,ERR137223,2009,Samara, Russia,Europe,Beijing_cladeA,Casali et al. (2014)
ERR067717,ERR067717,2009,Samara, Russia,Europe,Beijing_cladeA,Casali et al. (2014)
ERR228043,ERR228043,2009,Samara, Russia,Europe,Beijing_cladeA,Casali et al. (2014)
ERR108507,ERR108507,2009,Samara, Russia,Europe,Beijing_cladeA,Casali et al. (2014)
ERR067621,ERR067621,2009,Samara, Russia,Europe,Beijing_cladeA,Casali et al. (2014)
ERR067630,ERR067630,2009,Samara, Russia,Europe,Beijing_cladeA,Casali et al. (2014)
ERR144619,ERR144619,2009,Samara, Russia,Europe,Beijing_cladeA,Casali et al. (2014)
ERR067643,ERR067643,2009,Samara, Russia,Europe,Beijing_cladeA,Casali et al. (2014)
ERR229984,ERR229984,2009,Samara, Russia,Europe,Beijing_cladeA,Casali et al. (2014)
ERR067627,ERR067627,2009,Samara, Russia,Europe,Beijing_cladeA,Casali et al. (2014)
ERR067581,ERR067581,2009,Samara, Russia,Europe,Beijing_cladeA,Casali et al. (2014)
ERR133927,ERR133927,2009,Samara, Russia,Europe,Beijing_cladeA,Casali et al. (2014)
ERR229978,ERR229978,2009,Samara, Russia,Europe,Beijing_cladeA,Casali et al. (2014)
ERR234575,ERR234575,2009,Samara, Russia,Europe,Beijing_cladeA,Casali et al. (2014)
ERR133844,ERR133844,2009,Samara, Russia,Europe,Beijing_cladeA,Casali et al. (2014)
ERR230000,ERR230000,2009,Samara, Russia,Europe,Beijing_cladeA,Casali et al. (2014)
ERR108498,ERR108498,2009,Samara, Russia,Europe,Beijing_cladeA,Casali et al. (2014)
ERR108515,ERR108515,2009,Samara, Russia,Europe,Beijing_cladeA,Casali et al. (2014)
ERR158602,ERR158602,2009,Samara, Russia,Europe,Beijing_cladeA,Casali et al. (2014)
ERR117462,ERR117462,2009,Samara, Russia,Europe,Beijing_cladeA,Casali et al. (2014)
ERR229947,ERR229947,2009,Samara, Russia,Europe,Beijing_cladeA,Casali et al. (2014)
ERR133867,ERR133867,2009,Samara, Russia,Europe,Beijing_cladeA,Casali et al. (2014)
ERR133935,ERR133935,2009,Samara, Russia,Europe,Beijing_cladeA,Casali et al. (2014)
ERR229997,ERR229997,2009,Samara, Russia,Europe,Beijing_cladeA,Casali et al. (2014)
ERR108510,ERR108510,2009,Samara, Russia,Europe,Beijing_cladeA,Casali et al. (2014)
ERR133984,ERR133984,2009,Samara, Russia,Europe,Beijing_cladeA,Casali et al. (2014)
ERR108469,ERR108469,2009,Samara, Russia,Europe,Beijing_cladeA,Casali et al. (2014)
ERR067605,ERR067605,2009,Samara, Russia,Europe,Beijing_cladeA,Casali et al. (2014)
ERR144558,ERR144558,2009,Samara, Russia,Europe,Beijing_cladeA,Casali et al. (2014)
ERR229961,ERR229961,2009,Samara, Russia,Europe,Beijing_cladeA,Casali et al. (2014)
ERR158570,ERR158570,2009,Samara, Russia,Europe,Beijing_cladeA,Casali et al. (2014)
ERR229957,ERR229957,2009,Samara, Russia,Europe,Beijing_cladeA,Casali et al. (2014)
ERR133891,ERR133891,2009,Samara, Russia,Europe,Beijing_cladeA,Casali et al. (2014)
ERR234664,ERR234664,2009,Samara, Russia,Europe,Beijing_cladeA,Casali et al. (2014)
ERR133925,ERR133925,2009,Samara, Russia,Europe,Beijing_cladeA,Casali et al. (2014)
ERR133950,ERR133950,2009,Samara, Russia,Europe,Beijing_cladeA,Casali et al. (2014)
ERR133898,ERR133898,2009,Samara, Russia,Europe,Beijing_cladeA,Casali et al. (2014)
ERR137285,ERR137285,2009,Samara, Russia,Europe,Beijing_cladeA,Casali et al. (2014)
ERR229977,ERR229977,2009,Samara, Russia,Europe,Beijing_cladeA,Casali et al. (2014)
ERR067746,ERR067746,2009,Samara, Russia,Europe,Beijing_cladeA,Casali et al. (2014)
ERR234619,ERR234619,2009,Samara, Russia,Europe,Beijing_cladeA,Casali et al. (2014)
ERR144550,ERR144550,2009,Samara, Russia,Europe,Beijing_cladeA,Casali et al. (2014)
ERR230010,ERR230010,2009,Samara, Russia,Europe,Beijing_cladeA,Casali et al. (2014)
ERR144609,ERR144609,2009,Samara, Russia,Europe,Beijing_cladeA,Casali et al. (2014)
ERR229975,ERR229975,2009,Samara, Russia,Europe,Beijing_cladeA,Casali et al. (2014)
ERR067688,ERR067688,2009,Samara, Russia,Europe,Beijing_cladeA,Casali et al. (2014)
ERR234559,ERR234559,2009,Samara, Russia,Europe,Beijing_cladeA,Casali et al. (2014)
ERR108490,ERR108490,2009,Samara, Russia,Europe,Beijing_cladeA,Casali et al. (2014)
ERR117455,ERR117455,2009,Samara, Russia,Europe,Beijing_cladeA,Casali et al. (2014)
ERR137249,ERR137249,2009,Samara, Russia,Europe,Beijing_cladeA,Casali et al. (2014)
ERR144606,ERR144606,2009,Samara, Russia,Europe,Beijing_cladeA,Casali et al. (2014)
ERR133941,ERR133941,2009,Samara, Russia,Europe,Beijing_cladeA,Casali et al. (2014)
ERR137278,ERR137278,2009,Samara, Russia,Europe,Beijing_cladeA,Casali et al. (2014)
ERR133948,ERR133948,2009,Samara, Russia,Europe,Beijing_cladeA,Casali et al. (2014)
ERR158575,ERR158575,2009,Samara, Russia,Europe,Beijing_cladeA,Casali et al. (2014)
ERR108434,ERR108434,2009,Samara, Russia,Europe,Beijing_cladeA,Casali et al. (2014)
ERR137215,ERR137215,2009,Samara, Russia,Europe,Beijing_cladeA,Casali et al. (2014)
ERR133840,ERR133840,2009,Samara, Russia,Europe,Beijing_cladeA,Casali et al. (2014)
ERR133847,ERR133847,2009,Samara, Russia,Europe,Beijing_cladeA,Casali et al. (2014)
ERR229939,ERR229939,2009,Samara, Russia,Europe,Beijing_cladeA,Casali et al. (2014)
ERR067639,ERR067639,2009,Samara, Russia,Europe,Beijing_cladeA,Casali et al. (2014)
ERR234581,ERR234581,2009,Samara, Russia,Europe,Beijing_cladeA,Casali et al. (2014)
ERR133960,ERR133960,2009,Samara, Russia,Europe,Beijing_cladeA,Casali et al. (2014)
ERR137273,ERR137273,2009,Samara, Russia,Europe,Beijing,Casali et al. (2014)
ERR144614,ERR144614,2009,Samara, Russia,Europe,Beijing,Casali et al. (2014)
ERR228022,ERR228022,2009,Samara, Russia,Europe,Beijing,Casali et al. (2014)
ERR144588,ERR144588,2009,Samara, Russia,Europe,Beijing,Casali et al. (2014)
ERR234646,ERR234646,2009,Samara, Russia,Europe,Beijing,Casali et al. (2014)
ERR108428,ERR108428,2009,Samara, Russia,Europe,Beijing,Casali et al. (2014)
ERR230005,ERR230005,2009,Samara, Russia,Europe,Beijing,Casali et al. (2014)
ERR133894,ERR133894,2009,Samara, Russia,Europe,Beijing,Casali et al. (2014)
ERR234624,ERR234624,2009,Samara, Russia,Europe,Beijing,Casali et al. (2014)
ERR133976,ERR133976,2009,Samara, Russia,Europe,Beijing,Casali et al. (2014)
ERR229935,ERR229935,2009,Samara, Russia,Europe,Beijing,Casali et al. (2014)
ERR108423,ERR108423,2009,Samara, Russia,Europe,Beijing,Casali et al. (2014)
ERR234562,ERR234562,2009,Samara, Russia,Europe,Beijing,Casali et al. (2014)
ERR067638,ERR067638,2009,Samara, Russia,Europe,Beijing,Casali et al. (2014)
ERR144608,ERR144608,2009,Samara, Russia,Europe,Beijing,Casali et al. (2014)
ERR234688,ERR234688,2009,Samara, Russia,Europe,Beijing,Casali et al. (2014)
ERR133873,ERR133873,2009,Samara, Russia,Europe,Beijing,Casali et al. (2014)
ERR133814,ERR133814,2009,Samara, Russia,Europe,Beijing,Casali et al. (2014)
ERR137212,ERR137212,2009,Samara, Russia,Europe,Beijing,Casali et al. (2014)
ERR234569,ERR234569,2009,Samara, Russia,Europe,Beijing,Casali et al. (2014)
ERR117469,ERR117469,2009,Samara, Russia,Europe,Beijing,Casali et al. (2014)
ERR229940,ERR229940,2009,Samara, Russia,Europe,Beijing,Casali et al. (2014)
ERR133968,ERR133968,2009,Samara, Russia,Europe,Beijing,Casali et al. (2014)
ERR133975,ERR133975,2009,Samara, Russia,Europe,Beijing,Casali et al. (2014)
ERR067608,ERR067608,2009,Samara, Russia,Europe,Beijing,Casali et al. (2014)
ERR228048,ERR228048,2009,Samara, Russia,Europe,Beijing,Casali et al. (2014)
ERR144594,ERR144594,2009,Samara, Russia,Europe,Beijing,Casali et al. (2014)
ERR133865,ERR133865,2009,Samara, Russia,Europe,Beijing,Casali et al. (2014)
ERR234585,ERR234585,2009,Samara, Russia,Europe,Beijing,Casali et al. (2014)
ERR133862,ERR133862,2009,Samara, Russia,Europe,Beijing,Casali et al. (2014)
ERR144580,ERR144580,2009,Samara, Russia,Europe,Beijing,Casali et al. (2014)
ERR137267,ERR137267,2009,Samara, Russia,Europe,Beijing,Casali et al. (2014)
ERR133799,ERR133799,2009,Samara, Russia,Europe,Beijing,Casali et al. (2014)
ERR229926,ERR229926,2009,Samara, Russia,Europe,Beijing,Casali et al. (2014)
ERR229993,ERR229993,2009,Samara, Russia,Europe,Beijing,Casali et al. (2014)
ERR067707,ERR067707,2009,Samara, Russia,Europe,Beijing,Casali et al. (2014)
ERR067672,ERR067672,2009,Samara, Russia,Europe,Beijing,Casali et al. (2014)
ERR108495,ERR108495,2009,Samara, Russia,Europe,Beijing,Casali et al. (2014)
ERR133869,ERR133869,2009,Samara, Russia,Europe,Beijing,Casali et al. (2014)
ERR144545,ERR144545,2009,Samara, Russia,Europe,Beijing,Casali et al. (2014)
ERR133954,ERR133954,2009,Samara, Russia,Europe,Beijing,Casali et al. (2014)
ERR137244,ERR137244,2009,Samara, Russia,Europe,Beijing,Casali et al. (2014)
ERR133855,ERR133855,2009,Samara, Russia,Europe,Beijing,Casali et al. (2014)
ERR133966,ERR133966,2009,Samara, Russia,Europe,Beijing,Casali et al. (2014)
ERR158598,ERR158598,2009,Samara, Russia,Europe,Beijing,Casali et al. (2014)
ERR137265,ERR137265,2009,Samara, Russia,Europe,Beijing,Casali et al. (2014)
ERR108455,ERR108455,2009,Samara, Russia,Europe,Beijing,Casali et al. (2014)
ERR228056,ERR228056,2009,Samara, Russia,Europe,Beijing,Casali et al. (2014)
ERR144596,ERR144596,2009,Samara, Russia,Europe,Beijing,Casali et al. (2014)
ERR227980,ERR227980,2009,Samara, Russia,Europe,Beijing,Casali et al. (2014)
ERR137218,ERR137218,2009,Samara, Russia,Europe,Beijing,Casali et al. (2014)
ERR137208,ERR137208,2009,Samara, Russia,Europe,Beijing,Casali et al. (2014)
ERR234661,ERR234661,2009,Samara, Russia,Europe,Beijing,Casali et al. (2014)
ERR158580,ERR158580,2009,Samara, Russia,Europe,Beijing,Casali et al. (2014)
ERR228059,ERR228059,2009,Samara, Russia,Europe,Beijing,Casali et al. (2014)
ERR108426,ERR108426,2009,Samara, Russia,Europe,Beijing,Casali et al. (2014)
ERR067590,ERR067590,2009,Samara, Russia,Europe,Beijing,Casali et al. (2014)
ERR067641,ERR067641,2009,Samara, Russia,Europe,Beijing,Casali et al. (2014)
ERR144560,ERR144560,2009,Samara, Russia,Europe,Beijing,Casali et al. (2014)
ERR067705,ERR067705,2009,Samara, Russia,Europe,Beijing,Casali et al. (2014)
ERR137236,ERR137236,2009,Samara, Russia,Europe,Beijing,Casali et al. (2014)
ERR137217,ERR137217,2009,Samara, Russia,Europe,Beijing,Casali et al. (2014)
ERR108505,ERR108505,2009,Samara, Russia,Europe,Beijing,Casali et al. (2014)
ERR133988,ERR133988,2009,Samara, Russia,Europe,Beijing,Casali et al. (2014)
ERR133798,ERR133798,2009,Samara, Russia,Europe,Beijing,Casali et al. (2014)
ERR133863,ERR133863,2009,Samara, Russia,Europe,Beijing,Casali et al. (2014)
ERR234657,ERR234657,2009,Samara, Russia,Europe,Beijing,Casali et al. (2014)
ERR234683,ERR234683,2009,Samara, Russia,Europe,Beijing,Casali et al. (2014)
ERR067713,ERR067713,2009,Samara, Russia,Europe,Beijing,Casali et al. (2014)
ERR137203,ERR137203,2009,Samara, Russia,Europe,Beijing,Casali et al. (2014)
ERR117467,ERR117467,2009,Samara, Russia,Europe,Beijing,Casali et al. (2014)
ERR133802,ERR133802,2009,Samara, Russia,Europe,Beijing,Casali et al. (2014)
ERR137229,ERR137229,2009,Samara, Russia,Europe,Beijing,Casali et al. (2014)
ERR137264,ERR137264,2009,Samara, Russia,Europe,Beijing,Casali et al. (2014)
ERR158596,ERR158596,2009,Samara, Russia,Europe,Beijing,Casali et al. (2014)
ERR229968,ERR229968,2009,Samara, Russia,Europe,Beijing,Casali et al. (2014)
ERR234643,ERR234643,2009,Samara, Russia,Europe,Beijing,Casali et al. (2014)
ERR227981,ERR227981,2009,Samara, Russia,Europe,Beijing,Casali et al. (2014)
ERR133890,ERR133890,2009,Samara, Russia,Europe,Beijing,Casali et al. (2014)
ERR144554,ERR144554,2009,Samara, Russia,Europe,Beijing,Casali et al. (2014)
ERR227975,ERR227975,2009,Samara, Russia,Europe,Beijing,Casali et al. (2014)
ERR144634,ERR144634,2009,Samara, Russia,Europe,Beijing,Casali et al. (2014)
ERR067714,ERR067714,2009,Samara, Russia,Europe,Beijing,Casali et al. (2014)
ERR228024,ERR228024,2009,Samara, Russia,Europe,Beijing,Casali et al. (2014)
ERR229971,ERR229971,2009,Samara, Russia,Europe,Beijing,Casali et al. (2014)
ERR229915,ERR229915,2009,Samara, Russia,Europe,Beijing,Casali et al. (2014)
ERR067625,ERR067625,2009,Samara, Russia,Europe,Beijing,Casali et al. (2014)
ERR133896,ERR133896,2009,Samara, Russia,Europe,Beijing,Casali et al. (2014)
ERR234692,ERR234692,2009,Samara, Russia,Europe,Beijing,Casali et al. (2014)
ERR137221,ERR137221,2009,Samara, Russia,Europe,Beijing,Casali et al. (2014)
ERR133914,ERR133914,2009,Samara, Russia,Europe,Beijing,Casali et al. (2014)
ERR234663,ERR234663,2009,Samara, Russia,Europe,Beijing,Casali et al. (2014)
ERR117465,ERR117465,2009,Samara, Russia,Europe,Beijing,Casali et al. (2014)
ERR228018,ERR228018,2009,Samara, Russia,Europe,Beijing,Casali et al. (2014)
ERR133871,ERR133871,2009,Samara, Russia,Europe,Beijing,Casali et al. (2014)
ERR228004,ERR228004,2009,Samara, Russia,Europe,Beijing,Casali et al. (2014)
ERR117449,ERR117449,2009,Samara, Russia,Europe,Beijing,Casali et al. (2014)
ERR228015,ERR228015,2009,Samara, Russia,Europe,Beijing,Casali et al. (2014)
ERR234652,ERR234652,2009,Samara, Russia,Europe,Beijing,Casali et al. (2014)
ERR108486,ERR108486,2009,Samara, Russia,Europe,Beijing,Casali et al. (2014)
ERR067604,ERR067604,2009,Samara, Russia,Europe,Beijing,Casali et al. (2014)
ERR234557,ERR234557,2009,Samara, Russia,Europe,Beijing,Casali et al. (2014)
ERR137207,ERR137207,2009,Samara, Russia,Europe,Beijing,Casali et al. (2014)
ERR133820,ERR133820,2009,Samara, Russia,Europe,Beijing,Casali et al. (2014)
ERR137195,ERR137195,2009,Samara, Russia,Europe,Beijing,Casali et al. (2014)
ERR144552,ERR144552,2009,Samara, Russia,Europe,Beijing,Casali et al. (2014)
ERR228010,ERR228010,2009,Samara, Russia,Europe,Beijing,Casali et al. (2014)
ERR067766,ERR067766,2009,Samara, Russia,Europe,Beijing,Casali et al. (2014)
ERR234642,ERR234642,2009,Samara, Russia,Europe,Beijing,Casali et al. (2014)
ERR228060,ERR228060,2009,Samara, Russia,Europe,Beijing,Casali et al. (2014)
ERR144582,ERR144582,2009,Samara, Russia,Europe,Beijing,Casali et al. (2014)
ERR067600,ERR067600,2009,Samara, Russia,Europe,Beijing,Casali et al. (2014)
ERR067648,ERR067648,2009,Samara, Russia,Europe,Beijing,Casali et al. (2014)
ERR108440,ERR108440,2009,Samara, Russia,Europe,Beijing,Casali et al. (2014)
ERR067740,ERR067740,2009,Samara, Russia,Europe,Beijing,Casali et al. (2014)
ERR144626,ERR144626,2009,Samara, Russia,Europe,Beijing,Casali et al. (2014)
ERR133929,ERR133929,2009,Samara, Russia,Europe,Beijing,Casali et al. (2014)
ERR144579,ERR144579,2009,Samara, Russia,Europe,Beijing,Casali et al. (2014)
ERR133859,ERR133859,2009,Samara, Russia,Europe,Beijing,Casali et al. (2014)
ERR234617,ERR234617,2009,Samara, Russia,Europe,Beijing,Casali et al. (2014)
ERR227979,ERR227979,2009,Samara, Russia,Europe,Beijing,Casali et al. (2014)
ERR144577,ERR144577,2009,Samara, Russia,Europe,Beijing,Casali et al. (2014)
ERR144622,ERR144622,2009,Samara, Russia,Europe,Beijing,Casali et al. (2014)
ERR234612,ERR234612,2009,Samara, Russia,Europe,Beijing,Casali et al. (2014)
ERR133856,ERR133856,2009,Samara, Russia,Europe,Beijing,Casali et al. (2014)
ERR133963,ERR133963,2009,Samara, Russia,Europe,Beijing,Casali et al. (2014)
ERR137198,ERR137198,2009,Samara, Russia,Europe,Beijing,Casali et al. (2014)
ERR158594,ERR158594,2009,Samara, Russia,Europe,Beijing,Casali et al. (2014)
ERR108492,ERR108492,2009,Samara, Russia,Europe,Beijing,Casali et al. (2014)
ERR137232,ERR137232,2009,Samara, Russia,Europe,Beijing,Casali et al. (2014)
ERR133924,ERR133924,2009,Samara, Russia,Europe,Beijing,Casali et al. (2014)
ERR230004,ERR230004,2009,Samara, Russia,Europe,Beijing,Casali et al. (2014)
ERR158593,ERR158593,2009,Samara, Russia,Europe,Beijing,Casali et al. (2014)
ERR108479,ERR108479,2009,Samara, Russia,Europe,Beijing,Casali et al. (2014)
ERR137234,ERR137234,2009,Samara, Russia,Europe,Beijing,Casali et al. (2014)
ERR234671,ERR234671,2009,Samara, Russia,Europe,Beijing,Casali et al. (2014)
ERR137216,ERR137216,2009,Samara, Russia,Europe,Beijing,Casali et al. (2014)
ERR133852,ERR133852,2009,Samara, Russia,Europe,Beijing,Casali et al. (2014)
ERR228032,ERR228032,2009,Samara, Russia,Europe,Beijing,Casali et al. (2014)
ERR144631,ERR144631,2009,Samara, Russia,Europe,Beijing,Casali et al. (2014)
ERR067593,ERR067593,2009,Samara, Russia,Europe,Beijing,Casali et al. (2014)
ERR067722,ERR067722,2009,Samara, Russia,Europe,Beijing,Casali et al. (2014)
ERR158572,ERR158572,2009,Samara, Russia,Europe,Beijing,Casali et al. (2014)
ERR117459,ERR117459,2009,Samara, Russia,Europe,Beijing,Casali et al. (2014)
ERR133970,ERR133970,2009,Samara, Russia,Europe,Beijing,Casali et al. (2014)
ERR067745,ERR067745,2009,Samara, Russia,Europe,Beijing,Casali et al. (2014)
ERR228068,ERR228068,2009,Samara, Russia,Europe,Beijing,Casali et al. (2014)
ERR137253,ERR137253,2009,Samara, Russia,Europe,Beijing,Casali et al. (2014)
ERR234603,ERR234603,2009,Samara, Russia,Europe,Beijing,Casali et al. (2014)
ERR067610,ERR067610,2009,Samara, Russia,Europe,Beijing,Casali et al. (2014)
ERR133882,ERR133882,2009,Samara, Russia,Europe,Beijing,Casali et al. (2014)
ERR158569,ERR158569,2009,Samara, Russia,Europe,Beijing,Casali et al. (2014)
ERR228027,ERR228027,2009,Samara, Russia,Europe,Beijing,Casali et al. (2014)
ERR144616,ERR144616,2009,Samara, Russia,Europe,Beijing,Casali et al. (2014)
ERR228002,ERR228002,2009,Samara, Russia,Europe,Beijing,Casali et al. (2014)
ERR108452,ERR108452,2009,Samara, Russia,Europe,Beijing,Casali et al. (2014)
ERR227999,ERR227999,2009,Samara, Russia,Europe,Beijing,Casali et al. (2014)
ERR228007,ERR228007,2009,Samara, Russia,Europe,Beijing,Casali et al. (2014)
ERR133904,ERR133904,2009,Samara, Russia,Europe,Beijing,Casali et al. (2014)
ERR234582,ERR234582,2009,Samara, Russia,Europe,Beijing,Casali et al. (2014)
ERR067580,ERR067580,2009,Samara, Russia,Europe,Beijing,Casali et al. (2014)
ERR067743,ERR067743,2009,Samara, Russia,Europe,Beijing,Casali et al. (2014)
ERR137263,ERR137263,2009,Samara, Russia,Europe,Beijing,Casali et al. (2014)
ERR067582,ERR067582,2009,Samara, Russia,Europe,Beijing,Casali et al. (2014)
ERR234645,ERR234645,2009,Samara, Russia,Europe,Beijing,Casali et al. (2014)
ERR133875,ERR133875,2009,Samara, Russia,Europe,Beijing,Casali et al. (2014)
ERR133945,ERR133945,2009,Samara, Russia,Europe,Beijing,Casali et al. (2014)
ERR133973,ERR133973,2009,Samara, Russia,Europe,Beijing,Casali et al. (2014)
ERR067589,ERR067589,2009,Samara, Russia,Europe,Beijing,Casali et al. (2014)
ERR137205,ERR137205,2009,Samara, Russia,Europe,Beijing,Casali et al. (2014)
ERR234655,ERR234655,2009,Samara, Russia,Europe,Beijing,Casali et al. (2014)
ERR067646,ERR067646,2009,Samara, Russia,Europe,Beijing,Casali et al. (2014)
ERR117458,ERR117458,2009,Samara, Russia,Europe,Beijing,Casali et al. (2014)
ERR108501,ERR108501,2009,Samara, Russia,Europe,Beijing,Casali et al. (2014)
ERR133946,ERR133946,2009,Samara, Russia,Europe,Beijing,Casali et al. (2014)
ERR108513,ERR108513,2009,Samara, Russia,Europe,Beijing,Casali et al. (2014)
ERR133987,ERR133987,2009,Samara, Russia,Europe,Beijing,Casali et al. (2014)
ERR137268,ERR137268,2009,Samara, Russia,Europe,Beijing,Casali et al. (2014)
ERR227984,ERR227984,2009,Samara, Russia,Europe,Beijing,Casali et al. (2014)
ERR227983,ERR227983,2009,Samara, Russia,Europe,Beijing,Casali et al. (2014)
ERR229965,ERR229965,2009,Samara, Russia,Europe,Beijing,Casali et al. (2014)
ERR067724,ERR067724,2009,Samara, Russia,Europe,Beijing,Casali et al. (2014)
ERR108511,ERR108511,2009,Samara, Russia,Europe,Beijing,Casali et al. (2014)
ERR137279,ERR137279,2009,Samara, Russia,Europe,Beijing,Casali et al. (2014)
ERR067689,ERR067689,2009,Samara, Russia,Europe,Beijing,Casali et al. (2014)
ERR144630,ERR144630,2009,Samara, Russia,Europe,Beijing,Casali et al. (2014)
ERR108500,ERR108500,2009,Samara, Russia,Europe,Beijing,Casali et al. (2014)
ERR137206,ERR137206,2009,Samara, Russia,Europe,Beijing,Casali et al. (2014)
ERR133913,ERR133913,2009,Samara, Russia,Europe,Beijing,Casali et al. (2014)
ERR133955,ERR133955,2009,Samara, Russia,Europe,Beijing,Casali et al. (2014)
ERR144563,ERR144563,2009,Samara, Russia,Europe,Beijing,Casali et al. (2014)
ERR158607,ERR158607,2009,Samara, Russia,Europe,Beijing,Casali et al. (2014)
ERR158578,ERR158578,2009,Samara, Russia,Europe,Beijing,Casali et al. (2014)
ERR067665,ERR067665,2009,Samara, Russia,Europe,Beijing,Casali et al. (2014)
ERR234672,ERR234672,2009,Samara, Russia,Europe,Beijing,Casali et al. (2014)
ERR234589,ERR234589,2009,Samara, Russia,Europe,Beijing,Casali et al. (2014)
ERR144572,ERR144572,2009,Samara, Russia,Europe,Beijing,Casali et al. (2014)
ERR158574,ERR158574,2009,Samara, Russia,Europe,Beijing,Casali et al. (2014)
ERR144566,ERR144566,2009,Samara, Russia,Europe,Beijing,Casali et al. (2014)
ERR158590,ERR158590,2009,Samara, Russia,Europe,Beijing,Casali et al. (2014)
ERR228014,ERR228014,2009,Samara, Russia,Europe,Beijing,Casali et al. (2014)
ERR234620,ERR234620,2009,Samara, Russia,Europe,Beijing,Casali et al. (2014)
ERR133892,ERR133892,2009,Samara, Russia,Europe,Beijing,Casali et al. (2014)
ERR144599,ERR144599,2009,Samara, Russia,Europe,Beijing,Casali et al. (2014)
ERR133947,ERR133947,2009,Samara, Russia,Europe,Beijing,Casali et al. (2014)
ERR158591,ERR158591,2009,Samara, Russia,Europe,Beijing,Casali et al. (2014)
ERR133842,ERR133842,2009,Samara, Russia,Europe,Beijing,Casali et al. (2014)
ERR234690,ERR234690,2009,Samara, Russia,Europe,Beijing,Casali et al. (2014)
ERR144625,ERR144625,2009,Samara, Russia,Europe,Beijing,Casali et al. (2014)
ERR067736,ERR067736,2009,Samara, Russia,Europe,Beijing,Casali et al. (2014)
ERR137235,ERR137235,2009,Samara, Russia,Europe,Beijing,Casali et al. (2014)
ERR228052,ERR228052,2009,Samara, Russia,Europe,Beijing,Casali et al. (2014)
ERR108441,ERR108441,2009,Samara, Russia,Europe,Beijing,Casali et al. (2014)
ERR229970,ERR229970,2009,Samara, Russia,Europe,Beijing,Casali et al. (2014)
ERR133810,ERR133810,2009,Samara, Russia,Europe,Beijing,Casali et al. (2014)
ERR133932,ERR133932,2009,Samara, Russia,Europe,Beijing,Casali et al. (2014)
ERR234640,ERR234640,2009,Samara, Russia,Europe,Beijing,Casali et al. (2014)
ERR234647,ERR234647,2009,Samara, Russia,Europe,Beijing,Casali et al. (2014)
ERR234579,ERR234579,2009,Samara, Russia,Europe,Beijing,Casali et al. (2014)
ERR137241,ERR137241,2009,Samara, Russia,Europe,Beijing,Casali et al. (2014)
ERR234638,ERR234638,2009,Samara, Russia,Europe,Beijing,Casali et al. (2014)
ERR067686,ERR067686,2009,Samara, Russia,Europe,Beijing,Casali et al. (2014)
ERR108496,ERR108496,2009,Samara, Russia,Europe,Beijing,Casali et al. (2014)
ERR234583,ERR234583,2009,Samara, Russia,Europe,Beijing,Casali et al. (2014)
ERR229992,ERR229992,2009,Samara, Russia,Europe,Beijing,Casali et al. (2014)
ERR234556,ERR234556,2009,Samara, Russia,Europe,Beijing,Casali et al. (2014)
ERR108433,ERR108433,2009,Samara, Russia,Europe,Beijing,Casali et al. (2014)
ERR067659,ERR067659,2009,Samara, Russia,Europe,Beijing_cladeB,Casali et al. (2014)
ERR158588,ERR158588,2009,Samara, Russia,Europe,Beijing_cladeB,Casali et al. (2014)
ERR137257,ERR137257,2009,Samara, Russia,Europe,Beijing_cladeB,Casali et al. (2014)
ERR137192,ERR137192,2009,Samara, Russia,Europe,Beijing_cladeB,Casali et al. (2014)
ERR229949,ERR229949,2009,Samara, Russia,Europe,Beijing_cladeB,Casali et al. (2014)
ERR133907,ERR133907,2009,Samara, Russia,Europe,Beijing_cladeB,Casali et al. (2014)
ERR227977,ERR227977,2009,Samara, Russia,Europe,Beijing_cladeB,Casali et al. (2014)
ERR229976,ERR229976,2009,Samara, Russia,Europe,Beijing_cladeB,Casali et al. (2014)
ERR067644,ERR067644,2009,Samara, Russia,Europe,Beijing_cladeB,Casali et al. (2014)
ERR117464,ERR117464,2009,Samara, Russia,Europe,Beijing_cladeB,Casali et al. (2014)
ERR144595,ERR144595,2009,Samara, Russia,Europe,Beijing_cladeB,Casali et al. (2014)
ERR137247,ERR137247,2009,Samara, Russia,Europe,Beijing_cladeB,Casali et al. (2014)
ERR234644,ERR234644,2009,Samara, Russia,Europe,Beijing_cladeB,Casali et al. (2014)
ERR144584,ERR144584,2009,Samara, Russia,Europe,Beijing_cladeB,Casali et al. (2014)
ERR067723,ERR067723,2009,Samara, Russia,Europe,Beijing_cladeB,Casali et al. (2014)
ERR067744,ERR067744,2009,Samara, Russia,Europe,Beijing_cladeB,Casali et al. (2014)
ERR234662,ERR234662,2009,Samara, Russia,Europe,Beijing_cladeB,Casali et al. (2014)
ERR133884,ERR133884,2009,Samara, Russia,Europe,Beijing_cladeB,Casali et al. (2014)
ERR133880,ERR133880,2009,Samara, Russia,Europe,Beijing_cladeB,Casali et al. (2014)
ERR067667,ERR067667,2009,Samara, Russia,Europe,Beijing_cladeB,Casali et al. (2014)
ERR067671,ERR067671,2009,Samara, Russia,Europe,Beijing_cladeB,Casali et al. (2014)
ERR234610,ERR234610,2009,Samara, Russia,Europe,Beijing_cladeB,Casali et al. (2014)
ERR067755,ERR067755,2009,Samara, Russia,Europe,Beijing_cladeB,Casali et al. (2014)
ERR137231,ERR137231,2009,Samara, Russia,Europe,Beijing_cladeB,Casali et al. (2014)
ERR133951,ERR133951,2009,Samara, Russia,Europe,Beijing_cladeB,Casali et al. (2014)
ERR067631,ERR067631,2009,Samara, Russia,Europe,Beijing_cladeB,Casali et al. (2014)
ERR234639,ERR234639,2009,Samara, Russia,Europe,Beijing_cladeB,Casali et al. (2014)
ERR108435,ERR108435,2009,Samara, Russia,Europe,Beijing_cladeB,Casali et al. (2014)
ERR133918,ERR133918,2009,Samara, Russia,Europe,Beijing_cladeB,Casali et al. (2014)
ERR137254,ERR137254,2009,Samara, Russia,Europe,Beijing_cladeB,Casali et al. (2014)
ERR108443,ERR108443,2009,Samara, Russia,Europe,Beijing_cladeB,Casali et al. (2014)
ERR234597,ERR234597,2009,Samara, Russia,Europe,Beijing_cladeB,Casali et al. (2014)
ERR067694,ERR067694,2009,Samara, Russia,Europe,Beijing_cladeB,Casali et al. (2014)
ERR158581,ERR158581,2009,Samara, Russia,Europe,Beijing_cladeB,Casali et al. (2014)
ERR158606,ERR158606,2009,Samara, Russia,Europe,Beijing_cladeB,Casali et al. (2014)
ERR234600,ERR234600,2009,Samara, Russia,Europe,Beijing_cladeB,Casali et al. (2014)
ERR067760,ERR067760,2009,Samara, Russia,Europe,Beijing_cladeB,Casali et al. (2014)
ERR227982,ERR227982,2009,Samara, Russia,Europe,Beijing_cladeB,Casali et al. (2014)
ERR133879,ERR133879,2009,Samara, Russia,Europe,Beijing_cladeB,Casali et al. (2014)
ERR229982,ERR229982,2009,Samara, Russia,Europe,Beijing_cladeB,Casali et al. (2014)
ERR229969,ERR229969,2009,Samara, Russia,Europe,Beijing_cladeB,Casali et al. (2014)
ERR108439,ERR108439,2009,Samara, Russia,Europe,Beijing_cladeB,Casali et al. (2014)
ERR137219,ERR137219,2009,Samara, Russia,Europe,Beijing_cladeB,Casali et al. (2014)
ERR067668,ERR067668,2009,Samara, Russia,Europe,Beijing_cladeB,Casali et al. (2014)
ERR158587,ERR158587,2009,Samara, Russia,Europe,Beijing_cladeB,Casali et al. (2014)
ERR144607,ERR144607,2009,Samara, Russia,Europe,Beijing_cladeB,Casali et al. (2014)
ERR133901,ERR133901,2009,Samara, Russia,Europe,Beijing_cladeB,Casali et al. (2014)
ERR137243,ERR137243,2009,Samara, Russia,Europe,Beijing_cladeB,Casali et al. (2014)
ERR108488,ERR108488,2009,Samara, Russia,Europe,Beijing_cladeB,Casali et al. (2014)
ERR067626,ERR067626,2009,Samara, Russia,Europe,Beijing_cladeB,Casali et al. (2014)
ERR067588,ERR067588,2009,Samara, Russia,Europe,Beijing_cladeB,Casali et al. (2014)
ERR108453,ERR108453,2009,Samara, Russia,Europe,Beijing_cladeB,Casali et al. (2014)
ERR234584,ERR234584,2009,Samara, Russia,Europe,Beijing_cladeB,Casali et al. (2014)
ERR229955,ERR229955,2009,Samara, Russia,Europe,Beijing_cladeB,Casali et al. (2014)
ERR234651,ERR234651,2009,Samara, Russia,Europe,Beijing_cladeB,Casali et al. (2014)
ERR133837,ERR133837,2009,Samara, Russia,Europe,Beijing_cladeB,Casali et al. (2014)
ERR230006,ERR230006,2009,Samara, Russia,Europe,Beijing_cladeB,Casali et al. (2014)
ERR133933,ERR133933,2009,Samara, Russia,Europe,Beijing_cladeB,Casali et al. (2014)
ERR229964,ERR229964,2009,Samara, Russia,Europe,Beijing_cladeB,Casali et al. (2014)
ERR067715,ERR067715,2009,Samara, Russia,Europe,Beijing_cladeB,Casali et al. (2014)
ERR228049,ERR228049,2009,Samara, Russia,Europe,Beijing_cladeB,Casali et al. (2014)
ERR234656,ERR234656,2009,Samara, Russia,Europe,Beijing_cladeB,Casali et al. (2014)
ERR229929,ERR229929,2009,Samara, Russia,Europe,Beijing_cladeB,Casali et al. (2014)
ERR067759,ERR067759,2009,Samara, Russia,Europe,Beijing_cladeB,Casali et al. (2014)
ERR108420,ERR108420,2009,Samara, Russia,Europe,Beijing_cladeB,Casali et al. (2014)
ERR158589,ERR158589,2009,Samara, Russia,Europe,Beijing_cladeB,Casali et al. (2014)
ERR144564,ERR144564,2009,Samara, Russia,Europe,Beijing_cladeB,Casali et al. (2014)
ERR228040,ERR228040,2009,Samara, Russia,Europe,Beijing_cladeB,Casali et al. (2014)
ERR133815,ERR133815,2009,Samara, Russia,Europe,Beijing_cladeB,Casali et al. (2014)
ERR133888,ERR133888,2009,Samara, Russia,Europe,Beijing_cladeB,Casali et al. (2014)
ERR133900,ERR133900,2009,Samara, Russia,Europe,Beijing_cladeB,Casali et al. (2014)
ERR144542,ERR144542,2009,Samara, Russia,Europe,Beijing_cladeB,Casali et al. (2014)
ERR117456,ERR117456,2009,Samara, Russia,Europe,Beijing_cladeB,Casali et al. (2014)
ERR144635,ERR144635,2009,Samara, Russia,Europe,Beijing_cladeB,Casali et al. (2014)
ERR229936,ERR229936,2009,Samara, Russia,Europe,Beijing_cladeB,Casali et al. (2014)
ERR067586,ERR067586,2009,Samara, Russia,Europe,Beijing_cladeB,Casali et al. (2014)
ERR117463,ERR117463,2009,Samara, Russia,Europe,Beijing_cladeB,Casali et al. (2014)
ERR228037,ERR228037,2009,Samara, Russia,Europe,Beijing_cladeB,Casali et al. (2014)
ERR234607,ERR234607,2009,Samara, Russia,Europe,Beijing_cladeB,Casali et al. (2014)
ERR227976,ERR227976,2009,Samara, Russia,Europe,Beijing_cladeB,Casali et al. (2014)
ERR229995,ERR229995,2009,Samara, Russia,Europe,Beijing_cladeB,Casali et al. (2014)
ERR234650,ERR234650,2009,Samara, Russia,Europe,Beijing_cladeB,Casali et al. (2014)
ERR133899,ERR133899,2009,Samara, Russia,Europe,Beijing_cladeB,Casali et al. (2014)
ERR234632,ERR234632,2009,Samara, Russia,Europe,Beijing_cladeB,Casali et al. (2014)
ERR144570,ERR144570,2009,Samara, Russia,Europe,Beijing_cladeB,Casali et al. (2014)
ERR133982,ERR133982,2009,Samara, Russia,Europe,Beijing_cladeB,Casali et al. (2014)
ERR228006,ERR228006,2009,Samara, Russia,Europe,Beijing_cladeB,Casali et al. (2014)
ERR228028,ERR228028,2009,Samara, Russia,Europe,Beijing_cladeB,Casali et al. (2014)
ERR144581,ERR144581,2009,Samara, Russia,Europe,Beijing_cladeB,Casali et al. (2014)
ERR067696,ERR067696,2009,Samara, Russia,Europe,Beijing_cladeB,Casali et al. (2014)
ERR137282,ERR137282,2009,Samara, Russia,Europe,Beijing_cladeB,Casali et al. (2014)
ERR234668,ERR234668,2009,Samara, Russia,Europe,Beijing_cladeB,Casali et al. (2014)
ERR108421,ERR108421,2009,Samara, Russia,Europe,Beijing_cladeB,Casali et al. (2014)
ERR117454,ERR117454,2009,Samara, Russia,Europe,Beijing_cladeB,Casali et al. (2014)
ERR137271,ERR137271,2009,Samara, Russia,Europe,Beijing_cladeB,Casali et al. (2014)
ERR067692,ERR067692,2009,Samara, Russia,Europe,Beijing_cladeB,Casali et al. (2014)
ERR144623,ERR144623,2009,Samara, Russia,Europe,Beijing_cladeB,Casali et al. (2014)
ERR144571,ERR144571,2009,Samara, Russia,Europe,Beijing_cladeB,Casali et al. (2014)
ERR108499,ERR108499,2009,Samara, Russia,Europe,Beijing_cladeB,Casali et al. (2014)
ERR158608,ERR158608,2009,Samara, Russia,Europe,Beijing_cladeB,Casali et al. (2014)
ERR067598,ERR067598,2009,Samara, Russia,Europe,Beijing_cladeB,Casali et al. (2014)
ERR133936,ERR133936,2009,Samara, Russia,Europe,Beijing_cladeB,Casali et al. (2014)
ERR137259,ERR137259,2009,Samara, Russia,Europe,Beijing_cladeB,Casali et al. (2014)
ERR108447,ERR108447,2009,Samara, Russia,Europe,Beijing_cladeB,Casali et al. (2014)
ERR137242,ERR137242,2009,Samara, Russia,Europe,Beijing_cladeB,Casali et al. (2014)
ERR137240,ERR137240,2009,Samara, Russia,Europe,Beijing_cladeB,Casali et al. (2014)
ERR067674,ERR067674,2009,Samara, Russia,Europe,Beijing_cladeB,Casali et al. (2014)
ERR108450,ERR108450,2009,Samara, Russia,Europe,Beijing_cladeB,Casali et al. (2014)
ERR137255,ERR137255,2009,Samara, Russia,Europe,Beijing_cladeB,Casali et al. (2014)
ERR067584,ERR067584,2009,Samara, Russia,Europe,Beijing_cladeB,Casali et al. (2014)
ERR228039,ERR228039,2009,Samara, Russia,Europe,Beijing_cladeB,Casali et al. (2014)
ERR137227,ERR137227,2009,Samara, Russia,Europe,Beijing_cladeB,Casali et al. (2014)
ERR108514,ERR108514,2009,Samara, Russia,Europe,Beijing_cladeB,Casali et al. (2014)
ERR230007,ERR230007,2009,Samara, Russia,Europe,Beijing_cladeB,Casali et al. (2014)
ERR234649,ERR234649,2009,Samara, Russia,Europe,Beijing_cladeB,Casali et al. (2014)
ERR234630,ERR234630,2009,Samara, Russia,Europe,Beijing_cladeB,Casali et al. (2014)
ERR144573,ERR144573,2009,Samara, Russia,Europe,Beijing,Casali et al. (2014)
ERR228066,ERR228066,2009,Samara, Russia,Europe,Beijing,Casali et al. (2014)
ERR108494,ERR108494,2009,Samara, Russia,Europe,Beijing,Casali et al. (2014)
ERR158615,ERR158615,2009,Samara, Russia,Europe,Beijing,Casali et al. (2014)
ERR229999,ERR229999,2009,Samara, Russia,Europe,Beijing,Casali et al. (2014)
ERR108506,ERR108506,2009,Samara, Russia,Europe,Beijing,Casali et al. (2014)
ERR229920,ERR229920,2009,Samara, Russia,Europe,Beijing,Casali et al. (2014)
ERR067594,ERR067594,2009,Samara, Russia,Europe,Beijing,Casali et al. (2014)
ERR067595,ERR067595,2009,Samara, Russia,Europe,Beijing,Casali et al. (2014)
ERR133926,ERR133926,2009,Samara, Russia,Europe,Beijing,Casali et al. (2014)
ERR158577,ERR158577,2009,Samara, Russia,Europe,Beijing,Casali et al. (2014)
ERR117457,ERR117457,2009,Samara, Russia,Europe,Beijing,Casali et al. (2014)
ERR067637,ERR067637,2009,Samara, Russia,Europe,Beijing,Casali et al. (2014)
ERR108470,ERR108470,2009,Samara, Russia,Europe,Beijing,Casali et al. (2014)
ERR133958,ERR133958,2009,Samara, Russia,Europe,Beijing,Casali et al. (2014)
ERR144610,ERR144610,2009,Samara, Russia,Europe,Beijing,Casali et al. (2014)
ERR137252,ERR137252,2009,Samara, Russia,Europe,Beijing,Casali et al. (2014)
ERR133983,ERR133983,2009,Samara, Russia,Europe,Beijing,Casali et al. (2014)
ERR234591,ERR234591,2009,Samara, Russia,Europe,Beijing,Casali et al. (2014)
ERR133979,ERR133979,2009,Samara, Russia,Europe,Beijing,Casali et al. (2014)
ERR158609,ERR158609,2009,Samara, Russia,Europe,Beijing,Casali et al. (2014)
ERR067655,ERR067655,2009,Samara, Russia,Europe,Beijing,Casali et al. (2014)
ERR229945,ERR229945,2009,Samara, Russia,Europe,Beijing,Casali et al. (2014)
ERR158605,ERR158605,2009,Samara, Russia,Europe,Beijing,Casali et al. (2014)
ERR144567,ERR144567,2009,Samara, Russia,Europe,Beijing,Casali et al. (2014)
ERR158616,ERR158616,2009,Samara, Russia,Europe,Beijing,Casali et al. (2014)
ERR228062,ERR228062,2009,Samara, Russia,Europe,Beijing,Casali et al. (2014)
ERR067647,ERR067647,2009,Samara, Russia,Europe,Beijing,Casali et al. (2014)
ERR234658,ERR234658,2009,Samara, Russia,Europe,Beijing,Casali et al. (2014)
ERR137193,ERR137193,2009,Samara, Russia,Europe,CAS,Casali et al. (2014)
ERR234695,ERR234695,2009,Samara, Russia,Europe,CAS,Casali et al. (2014)
ERR158604,ERR158604,2009,Samara, Russia,Europe,CAS,Casali et al. (2014)
ERR158610,ERR158610,2009,Samara, Russia,Europe,CAS,Casali et al. (2014)
ERR067697,ERR067697,2009,Samara, Russia,Europe,Euro_American_Harleem,Casali et al. (2014)
ERR108474,ERR108474,2009,Samara, Russia,Europe,Euro_American_Harleem,Casali et al. (2014)
ERR133800,ERR133800,2009,Samara, Russia,Europe,Euro_American_Harleem,Casali et al. (2014)
ERR133942,ERR133942,2009,Samara, Russia,Europe,Euro_American_Harleem,Casali et al. (2014)
ERR067603,ERR067603,2009,Samara, Russia,Europe,Euro_American_Harleem,Casali et al. (2014)
ERR108480,ERR108480,2009,Samara, Russia,Europe,Euro_American_Harleem,Casali et al. (2014)
ERR133878,ERR133878,2009,Samara, Russia,Europe,Euro_American_Harleem,Casali et al. (2014)
ERR133818,ERR133818,2009,Samara, Russia,Europe,Euro_American_Harleem,Casali et al. (2014)
ERR229941,ERR229941,2009,Samara, Russia,Europe,Euro_American_Harleem,Casali et al. (2014)
ERR229938,ERR229938,2009,Samara, Russia,Europe,Euro_American_Harleem,Casali et al. (2014)
ERR108449,ERR108449,2009,Samara, Russia,Europe,Euro_American_Harleem,Casali et al. (2014)
ERR137266,ERR137266,2009,Samara, Russia,Europe,Euro_American_Harleem,Casali et al. (2014)
ERR228044,ERR228044,2009,Samara, Russia,Europe,Euro_American_Harleem,Casali et al. (2014)
ERR133961,ERR133961,2009,Samara, Russia,Europe,Euro_American_Harleem,Casali et al. (2014)
ERR144559,ERR144559,2009,Samara, Russia,Europe,Euro_American_Harleem,Casali et al. (2014)
ERR144618,ERR144618,2009,Samara, Russia,Europe,Euro_American_Harleem,Casali et al. (2014)
ERR229950,ERR229950,2009,Samara, Russia,Europe,Euro_American_Harleem,Casali et al. (2014)
ERR067670,ERR067670,2009,Samara, Russia,Europe,Euro_American_Harleem,Casali et al. (2014)
ERR234580,ERR234580,2009,Samara, Russia,Europe,Euro_American_Harleem,Casali et al. (2014)
ERR234684,ERR234684,2009,Samara, Russia,Europe,Euro_American_Harleem,Casali et al. (2014)
ERR133965,ERR133965,2009,Samara, Russia,Europe,Euro_American_Harleem,Casali et al. (2014)
ERR133971,ERR133971,2009,Samara, Russia,Europe,Euro_American_Harleem,Casali et al. (2014)
ERR108461,ERR108461,2009,Samara, Russia,Europe,Euro_American_Harleem,Casali et al. (2014)
ERR137228,ERR137228,2009,Samara, Russia,Europe,Euro_American_Harleem,Casali et al. (2014)
ERR229925,ERR229925,2009,Samara, Russia,Europe,Euro_American_Harleem,Casali et al. (2014)
ERR228038,ERR228038,2009,Samara, Russia,Europe,Euro_American_Harleem,Casali et al. (2014)
ERR137256,ERR137256,2009,Samara, Russia,Europe,Euro_American_Harleem,Casali et al. (2014)
ERR133877,ERR133877,2009,Samara, Russia,Europe,Euro_American_Harleem,Casali et al. (2014)
ERR144576,ERR144576,2009,Samara, Russia,Europe,Euro_American_Harleem,Casali et al. (2014)
ERR133850,ERR133850,2009,Samara, Russia,Europe,Euro_American_Harleem,Casali et al. (2014)
ERR067617,ERR067617,2009,Samara, Russia,Europe,Euro_American_Harleem,Casali et al. (2014)
ERR108459,ERR108459,2009,Samara, Russia,Europe,Euro_American_Harleem,Casali et al. (2014)
ERR067616,ERR067616,2009,Samara, Russia,Europe,Euro_American_Harleem,Casali et al. (2014)
ERR108482,ERR108482,2009,Samara, Russia,Europe,Euro_American_Harleem,Casali et al. (2014)
ERR229932,ERR229932,2009,Samara, Russia,Europe,Euro_American_Harleem,Casali et al. (2014)
ERR230003,ERR230003,2009,Samara, Russia,Europe,Euro_American_Harleem,Casali et al. (2014)
ERR067730,ERR067730,2009,Samara, Russia,Europe,Euro_American_Harleem,Casali et al. (2014)
ERR133883,ERR133883,2009,Samara, Russia,Europe,Euro_American_Harleem,Casali et al. (2014)
ERR234631,ERR234631,2009,Samara, Russia,Europe,Euro_American_Harleem,Casali et al. (2014)
ERR137202,ERR137202,2009,Samara, Russia,Europe,Euro_American_Harleem,Casali et al. (2014)
ERR229954,ERR229954,2009,Samara, Russia,Europe,Euro_American_Harleem,Casali et al. (2014)
ERR158599,ERR158599,2009,Samara, Russia,Europe,Euro_American,Casali et al. (2014)
ERR067675,ERR067675,2009,Samara, Russia,Europe,Euro_American,Casali et al. (2014)
ERR067751,ERR067751,2009,Samara, Russia,Europe,Euro_American,Casali et al. (2014)
ERR108445,ERR108445,2009,Samara, Russia,Europe,Euro_American,Casali et al. (2014)
ERR229987,ERR229987,2009,Samara, Russia,Europe,Euro_American,Casali et al. (2014)
ERR228053,ERR228053,2009,Samara, Russia,Europe,Euro_American,Casali et al. (2014)
ERR234587,ERR234587,2009,Samara, Russia,Europe,Euro_American,Casali et al. (2014)
ERR067734,ERR067734,2009,Samara, Russia,Europe,Euro_American,Casali et al. (2014)
ERR133832,ERR133832,2009,Samara, Russia,Europe,Euro_American,Casali et al. (2014)
ERR234634,ERR234634,2009,Samara, Russia,Europe,Euro_American,Casali et al. (2014)
ERR229959,ERR229959,2009,Samara, Russia,Europe,Euro_American,Casali et al. (2014)
ERR234558,ERR234558,2009,Samara, Russia,Europe,Euro_American,Casali et al. (2014)
ERR133822,ERR133822,2009,Samara, Russia,Europe,Euro_American,Casali et al. (2014)
ERR067703,ERR067703,2009,Samara, Russia,Europe,Euro_American,Casali et al. (2014)
ERR228008,ERR228008,2009,Samara, Russia,Europe,Euro_American,Casali et al. (2014)
ERR234636,ERR234636,2009,Samara, Russia,Europe,Euro_American,Casali et al. (2014)
ERR108444,ERR108444,2009,Samara, Russia,Europe,Euro_American,Casali et al. (2014)
ERR133801,ERR133801,2009,Samara, Russia,Europe,Euro_American,Casali et al. (2014)
ERR227998,ERR227998,2009,Samara, Russia,Europe,Euro_American,Casali et al. (2014)
ERR228016,ERR228016,2009,Samara, Russia,Europe,Euro_American,Casali et al. (2014)
ERR144578,ERR144578,2009,Samara, Russia,Europe,Euro_American,Casali et al. (2014)
ERR229958,ERR229958,2009,Samara, Russia,Europe,Euro_American,Casali et al. (2014)
ERR133870,ERR133870,2009,Samara, Russia,Europe,Euro_American,Casali et al. (2014)
ERR228021,ERR228021,2009,Samara, Russia,Europe,Euro_American,Casali et al. (2014)
ERR047885,ERR047885,2009,Samara, Russia,Europe,Euro_American,Casali et al. (2014)
ERR133937,ERR133937,2009,Samara, Russia,Europe,Euro_American,Casali et al. (2014)
ERR228026,ERR228026,2009,Samara, Russia,Europe,Euro_American,Casali et al. (2014)
ERR144613,ERR144613,2009,Samara, Russia,Europe,Euro_American,Casali et al. (2014)
ERR137224,ERR137224,2009,Samara, Russia,Europe,Euro_American,Casali et al. (2014)
ERR234588,ERR234588,2009,Samara, Russia,Europe,Euro_American,Casali et al. (2014)
ERR133833,ERR133833,2009,Samara, Russia,Europe,Euro_American,Casali et al. (2014)
ERR133874,ERR133874,2009,Samara, Russia,Europe,Euro_American,Casali et al. (2014)
ERR137251,ERR137251,2009,Samara, Russia,Europe,Euro_American,Casali et al. (2014)
ERR067732,ERR067732,2009,Samara, Russia,Europe,Euro_American,Casali et al. (2014)
ERR234594,ERR234594,2009,Samara, Russia,Europe,Euro_American,Casali et al. (2014)
ERR234627,ERR234627,2009,Samara, Russia,Europe,Euro_American,Casali et al. (2014)
ERR108425,ERR108425,2009,Samara, Russia,Europe,Euro_American_Ural,Casali et al. (2014)
ERR133849,ERR133849,2009,Samara, Russia,Europe,Euro_American_Ural,Casali et al. (2014)
ERR229988,ERR229988,2009,Samara, Russia,Europe,Euro_American_Ural,Casali et al. (2014)
ERR234654,ERR234654,2009,Samara, Russia,Europe,Euro_American_Ural,Casali et al. (2014)
ERR067728,ERR067728,2009,Samara, Russia,Europe,Euro_American_Ural,Casali et al. (2014)
ERR067733,ERR067733,2009,Samara, Russia,Europe,Euro_American_Ural,Casali et al. (2014)
ERR229953,ERR229953,2009,Samara, Russia,Europe,Euro_American_Ural,Casali et al. (2014)
ERR137274,ERR137274,2009,Samara, Russia,Europe,Euro_American_Ural,Casali et al. (2014)
ERR067615,ERR067615,2009,Samara, Russia,Europe,Euro_American_Ural,Casali et al. (2014)
ERR133834,ERR133834,2009,Samara, Russia,Europe,Euro_American_Ural,Casali et al. (2014)
ERR108485,ERR108485,2009,Samara, Russia,Europe,Euro_American_Ural,Casali et al. (2014)
ERR067577,ERR067577,2009,Samara, Russia,Europe,Euro_American_Ural,Casali et al. (2014)
ERR067691,ERR067691,2009,Samara, Russia,Europe,Euro_American_Ural,Casali et al. (2014)
ERR067609,ERR067609,2009,Samara, Russia,Europe,Euro_American_Ural,Casali et al. (2014)
ERR133911,ERR133911,2009,Samara, Russia,Europe,Euro_American_Ural,Casali et al. (2014)
ERR067752,ERR067752,2009,Samara, Russia,Europe,Euro_American_Ural,Casali et al. (2014)
ERR228001,ERR228001,2009,Samara, Russia,Europe,Euro_American_Ural,Casali et al. (2014)
ERR234669,ERR234669,2009,Samara, Russia,Europe,Euro_American_Ural,Casali et al. (2014)
ERR108472,ERR108472,2009,Samara, Russia,Europe,Euro_American_Ural,Casali et al. (2014)
ERR234561,ERR234561,2009,Samara, Russia,Europe,Euro_American_Ural,Casali et al. (2014)
ERR234572,ERR234572,2009,Samara, Russia,Europe,Euro_American_Ural,Casali et al. (2014)
ERR234686,ERR234686,2009,Samara, Russia,Europe,Euro_American_Ural,Casali et al. (2014)
ERR108437,ERR108437,2009,Samara, Russia,Europe,Euro_American_Ural,Casali et al. (2014)
ERR144603,ERR144603,2009,Samara, Russia,Europe,Euro_American_Ural,Casali et al. (2014)
ERR234691,ERR234691,2009,Samara, Russia,Europe,Euro_American_Ural,Casali et al. (2014)
ERR067629,ERR067629,2009,Samara, Russia,Europe,Euro_American_Ural,Casali et al. (2014)
ERR067748,ERR067748,2009,Samara, Russia,Europe,Euro_American_Ural,Casali et al. (2014)
ERR144605,ERR144605,2009,Samara, Russia,Europe,Euro_American_Ural,Casali et al. (2014)
ERR234616,ERR234616,2009,Samara, Russia,Europe,Euro_American_Ural,Casali et al. (2014)
ERR229981,ERR229981,2009,Samara, Russia,Europe,Euro_American_Ural,Casali et al. (2014)
ERR067632,ERR067632,2009,Samara, Russia,Europe,Euro_American_Ural,Casali et al. (2014)
ERR067757,ERR067757,2009,Samara, Russia,Europe,Euro_American_Ural,Casali et al. (2014)
ERR234577,ERR234577,2009,Samara, Russia,Europe,Euro_American_Ural,Casali et al. (2014)
ERR108429,ERR108429,2009,Samara, Russia,Europe,Euro_American_Ural,Casali et al. (2014)
ERR234674,ERR234674,2009,Samara, Russia,Europe,Euro_American_Ural,Casali et al. (2014)
ERR158573,ERR158573,2009,Samara, Russia,Europe,Euro_American_Ural,Casali et al. (2014)
ERR067731,ERR067731,2009,Samara, Russia,Europe,Euro_American_Ural,Casali et al. (2014)
ERR234586,ERR234586,2009,Samara, Russia,Europe,Euro_American_Ural,Casali et al. (2014)
ERR067636,ERR067636,2009,Samara, Russia,Europe,Euro_American_Ural,Casali et al. (2014)
ERR067700,ERR067700,2009,Samara, Russia,Europe,Euro_American_Ural,Casali et al. (2014)
ERR067684,ERR067684,2009,Samara, Russia,Europe,Euro_American_Ural,Casali et al. (2014)
ERR133819,ERR133819,2009,Samara, Russia,Europe,Euro_American_Ural,Casali et al. (2014)
ERR229985,ERR229985,2009,Samara, Russia,Europe,Euro_American_Ural,Casali et al. (2014)
ERR067677,ERR067677,2009,Samara, Russia,Europe,Euro_American_Ural,Casali et al. (2014)
ERR144598,ERR144598,2009,Samara, Russia,Europe,Euro_American_Ural,Casali et al. (2014)
ERR067596,ERR067596,2009,Samara, Russia,Europe,Euro_American_Ural,Casali et al. (2014)
ERR227997,ERR227997,2009,Samara, Russia,Europe,Euro_American_Ural,Casali et al. (2014)
ERR234693,ERR234693,2009,Samara, Russia,Europe,Euro_American_Ural,Casali et al. (2014)
ERR144624,ERR144624,2009,Samara, Russia,Europe,Euro_American_Ural,Casali et al. (2014)
ERR158614,ERR158614,2009,Samara, Russia,Europe,Euro_American_Ural,Casali et al. (2014)
ERR137233,ERR137233,2009,Samara, Russia,Europe,Euro_American_Ural,Casali et al. (2014)
ERR228058,ERR228058,2009,Samara, Russia,Europe,Euro_American_Ural,Casali et al. (2014)
ERR234564,ERR234564,2009,Samara, Russia,Europe,Euro_American_Ural,Casali et al. (2014)
ERR133838,ERR133838,2009,Samara, Russia,Europe,Euro_American_Ural,Casali et al. (2014)
ERR067645,ERR067645,2009,Samara, Russia,Europe,Euro_American_Ural,Casali et al. (2014)
ERR133812,ERR133812,2009,Samara, Russia,Europe,Euro_American_Ural,Casali et al. (2014)
ERR137250,ERR137250,2009,Samara, Russia,Europe,Euro_American_Ural,Casali et al. (2014)
ERR133969,ERR133969,2009,Samara, Russia,Europe,Euro_American_Ural,Casali et al. (2014)
ERR144555,ERR144555,2009,Samara, Russia,Europe,Euro_American_Ural,Casali et al. (2014)
ERR137270,ERR137270,2009,Samara, Russia,Europe,Euro_American_Ural,Casali et al. (2014)
ERR067753,ERR067753,2009,Samara, Russia,Europe,Euro_American_Ural,Casali et al. (2014)
ERR229972,ERR229972,2009,Samara, Russia,Europe,Euro_American_Ural,Casali et al. (2014)
ERR133804,ERR133804,2009,Samara, Russia,Europe,Euro_American_Ural,Casali et al. (2014)
ERR133809,ERR133809,2009,Samara, Russia,Europe,Euro_American_Ural,Casali et al. (2014)
ERR108497,ERR108497,2009,Samara, Russia,Europe,Euro_American_Ural,Casali et al. (2014)
ERR133921,ERR133921,2009,Samara, Russia,Europe,Euro_American_Ural,Casali et al. (2014)
ERR227985,ERR227985,2009,Samara, Russia,Europe,Euro_American_Ural,Casali et al. (2014)
ERR234648,ERR234648,2009,Samara, Russia,Europe,Euro_American_Ural,Casali et al. (2014)
ERR227991,ERR227991,2009,Samara, Russia,Europe,Euro_American_Ural,Casali et al. (2014)
ERR144604,ERR144604,2009,Samara, Russia,Europe,Euro_American_Ural,Casali et al. (2014)
ERR133952,ERR133952,2009,Samara, Russia,Europe,Euro_American_Ural,Casali et al. (2014)
ERR234697,ERR234697,2009,Samara, Russia,Europe,Euro_American_Ural,Casali et al. (2014)
ERR067725,ERR067725,2009,Samara, Russia,Europe,Euro_American_Ural,Casali et al. (2014)
ERR133823,ERR133823,2009,Samara, Russia,Europe,Euro_American_Ural,Casali et al. (2014)
ERR067606,ERR067606,2009,Samara, Russia,Europe,Euro_American_Ural,Casali et al. (2014)
ERR158582,ERR158582,2009,Samara, Russia,Europe,Euro_American_Ural,Casali et al. (2014)
ERR227992,ERR227992,2009,Samara, Russia,Europe,Euro_American_Ural,Casali et al. (2014)
ERR229986,ERR229986,2009,Samara, Russia,Europe,Euro_American_Ural,Casali et al. (2014)
ERR229979,ERR229979,2009,Samara, Russia,Europe,Euro_American_Ural,Casali et al. (2014)
ERR137239,ERR137239,2009,Samara, Russia,Europe,Euro_American_Ural,Casali et al. (2014)
ERR137245,ERR137245,2009,Samara, Russia,Europe,Euro_American_Ural,Casali et al. (2014)
ERR108456,ERR108456,2009,Samara, Russia,Europe,Euro_American_Ural,Casali et al. (2014)
ERR067597,ERR067597,2009,Samara, Russia,Europe,Euro_American_Ural,Casali et al. (2014)
ERR144569,ERR144569,2009,Samara, Russia,Europe,Euro_American_Ural,Casali et al. (2014)
ERR144565,ERR144565,2009,Samara, Russia,Europe,Euro_American_Ural,Casali et al. (2014)
ERR067657,ERR067657,2009,Samara, Russia,Europe,Euro_American_Ural,Casali et al. (2014)
ERR137196,ERR137196,2009,Samara, Russia,Europe,Euro_American_Ural,Casali et al. (2014)
ERR108509,ERR108509,2009,Samara, Russia,Europe,Euro_American_Ural,Casali et al. (2014)
ERR067661,ERR067661,2009,Samara, Russia,Europe,Euro_American_Ural,Casali et al. (2014)
ERR133858,ERR133858,2009,Samara, Russia,Europe,Euro_American_Ural,Casali et al. (2014)
ERR117451,ERR117451,2009,Samara, Russia,Europe,Euro_American_Ural,Casali et al. (2014)
ERR133967,ERR133967,2009,Samara, Russia,Europe,Euro_American_Ural,Casali et al. (2014)
ERR137214,ERR137214,2009,Samara, Russia,Europe,Euro_American_Ural,Casali et al. (2014)
ERR133978,ERR133978,2009,Samara, Russia,Europe,Euro_American_Ural,Casali et al. (2014)
ERR230002,ERR230002,2009,Samara, Russia,Europe,Euro_American_Ural,Casali et al. (2014)
ERR229919,ERR229919,2009,Samara, Russia,Europe,Euro_American_Ural,Casali et al. (2014)
ERR133981,ERR133981,2009,Samara, Russia,Europe,Euro_American_Ural,Casali et al. (2014)
ERR108451,ERR108451,2009,Samara, Russia,Europe,Euro_American_LAM,Casali et al. (2014)
ERR108483,ERR108483,2009,Samara, Russia,Europe,Euro_American_LAM,Casali et al. (2014)
ERR144547,ERR144547,2009,Samara, Russia,Europe,Euro_American_LAM,Casali et al. (2014)
ERR228031,ERR228031,2009,Samara, Russia,Europe,Euro_American_LAM,Casali et al. (2014)
ERR067767,ERR067767,2009,Samara, Russia,Europe,Euro_American_LAM,Casali et al. (2014)
ERR067729,ERR067729,2009,Samara, Russia,Europe,Euro_American_LAM,Casali et al. (2014)
ERR067747,ERR067747,2009,Samara, Russia,Europe,Euro_American_LAM,Casali et al. (2014)
ERR108487,ERR108487,2009,Samara, Russia,Europe,Euro_American_LAM,Casali et al. (2014)
ERR108446,ERR108446,2009,Samara, Russia,Europe,Euro_American_LAM,Casali et al. (2014)
ERR067607,ERR067607,2009,Samara, Russia,Europe,Euro_American_LAM,Casali et al. (2014)
ERR228030,ERR228030,2009,Samara, Russia,Europe,Euro_American_LAM,Casali et al. (2014)
ERR133811,ERR133811,2009,Samara, Russia,Europe,Euro_American_LAM,Casali et al. (2014)
ERR067634,ERR067634,2009,Samara, Russia,Europe,Euro_American_LAM,Casali et al. (2014)
ERR067706,ERR067706,2009,Samara, Russia,Europe,Euro_American_LAM,Casali et al. (2014)
ERR133949,ERR133949,2009,Samara, Russia,Europe,Euro_American_LAM,Casali et al. (2014)
ERR234665,ERR234665,2009,Samara, Russia,Europe,Euro_American_LAM,Casali et al. (2014)
ERR229973,ERR229973,2009,Samara, Russia,Europe,Euro_American_LAM,Casali et al. (2014)
ERR234687,ERR234687,2009,Samara, Russia,Europe,Euro_American_LAM,Casali et al. (2014)
ERR229927,ERR229927,2009,Samara, Russia,Europe,Euro_American_LAM,Casali et al. (2014)
ERR234667,ERR234667,2009,Samara, Russia,Europe,Euro_American_LAM,Casali et al. (2014)
ERR133876,ERR133876,2009,Samara, Russia,Europe,Euro_American_LAM,Casali et al. (2014)
ERR067679,ERR067679,2009,Samara, Russia,Europe,Euro_American_LAM,Casali et al. (2014)
ERR133922,ERR133922,2009,Samara, Russia,Europe,Euro_American_LAM,Casali et al. (2014)
ERR144627,ERR144627,2009,Samara, Russia,Europe,Euro_American_LAM,Casali et al. (2014)
ERR133917,ERR133917,2009,Samara, Russia,Europe,Euro_American_LAM,Casali et al. (2014)
ERR133903,ERR133903,2009,Samara, Russia,Europe,Euro_American_LAM,Casali et al. (2014)
ERR137284,ERR137284,2009,Samara, Russia,Europe,Euro_American_LAM,Casali et al. (2014)
ERR137209,ERR137209,2009,Samara, Russia,Europe,Euro_American_LAM,Casali et al. (2014)
ERR228036,ERR228036,2009,Samara, Russia,Europe,Euro_American_LAM,Casali et al. (2014)
ERR117452,ERR117452,2009,Samara, Russia,Europe,Euro_American_LAM,Casali et al. (2014)
ERR158579,ERR158579,2009,Samara, Russia,Europe,Euro_American_LAM,Casali et al. (2014)
ERR133887,ERR133887,2009,Samara, Russia,Europe,Euro_American_LAM,Casali et al. (2014)
ERR108512,ERR108512,2009,Samara, Russia,Europe,Euro_American_LAM,Casali et al. (2014)
ERR067599,ERR067599,2009,Samara, Russia,Europe,Euro_American_LAM,Casali et al. (2014)
ERR229989,ERR229989,2009,Samara, Russia,Europe,Euro_American_LAM,Casali et al. (2014)
ERR137201,ERR137201,2009,Samara, Russia,Europe,Euro_American_LAM,Casali et al. (2014)
ERR158595,ERR158595,2009,Samara, Russia,Europe,Euro_American_LAM,Casali et al. (2014)
ERR158584,ERR158584,2009,Samara, Russia,Europe,Euro_American_LAM,Casali et al. (2014)
ERR229944,ERR229944,2009,Samara, Russia,Europe,Euro_American_LAM,Casali et al. (2014)
ERR067585,ERR067585,2009,Samara, Russia,Europe,Euro_American_LAM,Casali et al. (2014)
ERR133846,ERR133846,2009,Samara, Russia,Europe,Euro_American_LAM,Casali et al. (2014)
ERR067683,ERR067683,2009,Samara, Russia,Europe,Euro_American_LAM,Casali et al. (2014)
ERR228011,ERR228011,2009,Samara, Russia,Europe,Euro_American_LAM,Casali et al. (2014)
ERR229917,ERR229917,2009,Samara, Russia,Europe,Euro_American_LAM,Casali et al. (2014)
ERR234614,ERR234614,2009,Samara, Russia,Europe,Euro_American_LAM,Casali et al. (2014)
ERR133962,ERR133962,2009,Samara, Russia,Europe,Euro_American_LAM,Casali et al. (2014)
ERR144544,ERR144544,2009,Samara, Russia,Europe,Euro_American_LAM,Casali et al. (2014)
ERR133912,ERR133912,2009,Samara, Russia,Europe,Euro_American_LAM,Casali et al. (2014)
ERR228069,ERR228069,2009,Samara, Russia,Europe,Euro_American_LAM,Casali et al. (2014)
ERR229928,ERR229928,2009,Samara, Russia,Europe,Euro_American_LAM,Casali et al. (2014)
ERR137200,ERR137200,2009,Samara, Russia,Europe,Euro_American_LAM,Casali et al. (2014)
ERR067716,ERR067716,2009,Samara, Russia,Europe,Euro_American_LAM,Casali et al. (2014)
ERR067737,ERR067737,2009,Samara, Russia,Europe,Euro_American_LAM,Casali et al. (2014)
ERR234689,ERR234689,2009,Samara, Russia,Europe,Euro_American_LAM,Casali et al. (2014)
ERR133985,ERR133985,2009,Samara, Russia,Europe,Euro_American_LAM,Casali et al. (2014)
ERR067658,ERR067658,2009,Samara, Russia,Europe,Euro_American_LAM,Casali et al. (2014)
ERR067601,ERR067601,2009,Samara, Russia,Europe,Euro_American_LAM,Casali et al. (2014)
ERR144621,ERR144621,2009,Samara, Russia,Europe,Euro_American_LAM,Casali et al. (2014)
ERR067727,ERR067727,2009,Samara, Russia,Europe,Euro_American_LAM,Casali et al. (2014)
ERR137258,ERR137258,2009,Samara, Russia,Europe,Euro_American_LAM,Casali et al. (2014)
ERR227988,ERR227988,2009,Samara, Russia,Europe,Euro_American_LAM,Casali et al. (2014)
ERR228005,ERR228005,2009,Samara, Russia,Europe,Euro_American_LAM,Casali et al. (2014)
ERR067624,ERR067624,2009,Samara, Russia,Europe,Euro_American_LAM,Casali et al. (2014)
ERR229934,ERR229934,2009,Samara, Russia,Europe,Euro_American_LAM,Casali et al. (2014)
ERR133920,ERR133920,2009,Samara, Russia,Europe,Euro_American_LAM,Casali et al. (2014)
ERR229943,ERR229943,2009,Samara, Russia,Europe,Euro_American_LAM,Casali et al. (2014)
ERR133824,ERR133824,2009,Samara, Russia,Europe,Euro_American_LAM,Casali et al. (2014)
ERR133956,ERR133956,2009,Samara, Russia,Europe,Euro_American_LAM,Casali et al. (2014)
ERR067591,ERR067591,2009,Samara, Russia,Europe,Euro_American_LAM,Casali et al. (2014)
ERR067690,ERR067690,2009,Samara, Russia,Europe,Euro_American_LAM,Casali et al. (2014)
ERR133851,ERR133851,2009,Samara, Russia,Europe,Euro_American_LAM,Casali et al. (2014)
ERR158601,ERR158601,2009,Samara, Russia,Europe,Euro_American_LAM,Casali et al. (2014)
ERR067612,ERR067612,2009,Samara, Russia,Europe,Euro_American_LAM,Casali et al. (2014)
ERR047881,ERR047881,2009,Samara, Russia,Europe,Euro_American_LAM,Casali et al. (2014)
ERR108422,ERR108422,2009,Samara, Russia,Europe,Euro_American_LAM,Casali et al. (2014)
ERR117466,ERR117466,2009,Samara, Russia,Europe,Euro_American_LAM,Casali et al. (2014)
ERR227990,ERR227990,2009,Samara, Russia,Europe,Euro_American_LAM,Casali et al. (2014)
ERR228009,ERR228009,2009,Samara, Russia,Europe,Euro_American_LAM,Casali et al. (2014)
ERR067664,ERR067664,2009,Samara, Russia,Europe,Euro_American_LAM,Casali et al. (2014)
ERR229983,ERR229983,2009,Samara, Russia,Europe,Euro_American_LAM,Casali et al. (2014)
ERR117450,ERR117450,2009,Samara, Russia,Europe,Euro_American_LAM,Casali et al. (2014)
ERR137280,ERR137280,2009,Samara, Russia,Europe,Euro_American_LAM,Casali et al. (2014)
ERR067693,ERR067693,2009,Samara, Russia,Europe,Euro_American_LAM,Casali et al. (2014)
ERR133977,ERR133977,2009,Samara, Russia,Europe,Euro_American_LAM,Casali et al. (2014)
ERR228033,ERR228033,2009,Samara, Russia,Europe,Euro_American_LAM,Casali et al. (2014)
ERR228034,ERR228034,2009,Samara, Russia,Europe,Euro_American_LAM,Casali et al. (2014)
ERR234685,ERR234685,2009,Samara, Russia,Europe,Euro_American_LAM,Casali et al. (2014)
ERR133872,ERR133872,2009,Samara, Russia,Europe,Euro_American_LAM,Casali et al. (2014)
ERR108481,ERR108481,2009,Samara, Russia,Europe,Euro_American,Casali et al. (2014)
ERR228025,ERR228025,2009,Samara, Russia,Europe,Euro_American,Casali et al. (2014)
ERR133974,ERR133974,2009,Samara, Russia,Europe,Euro_American,Casali et al. (2014)
ERR228067,ERR228067,2009,Samara, Russia,Europe,Euro_American,Casali et al. (2014)
ERR133897,ERR133897,2009,Samara, Russia,Europe,Euro_American,Casali et al. (2014)
ERR133829,ERR133829,2009,Samara, Russia,Europe,Euro_American,Casali et al. (2014)
ERR228045,ERR228045,2009,Samara, Russia,Europe,Euro_American,Casali et al. (2014)
ERR133905,ERR133905,2009,Samara, Russia,Europe,Euro_American,Casali et al. (2014)
ERR144546,ERR144546,2009,Samara, Russia,Europe,Euro_American,Casali et al. (2014)
ERR133857,ERR133857,2009,Samara, Russia,Europe,Euro_American,Casali et al. (2014)
ERR133830,ERR133830,2009,Samara, Russia,Europe,Euro_American,Casali et al. (2014)
ERR229942,ERR229942,2009,Samara, Russia,Europe,Euro_American,Casali et al. (2014)
ERR067763,ERR067763,2009,Samara, Russia,Europe,Euro_American,Casali et al. (2014)
ERR229937,ERR229937,2009,Samara, Russia,Europe,Euro_American,Casali et al. (2014)
ERR067685,ERR067685,2009,Samara, Russia,Europe,Euro_American,Casali et al. (2014)
ERR229990,ERR229990,2009,Samara, Russia,Europe,Euro_American,Casali et al. (2014)
ERR234599,ERR234599,2009,Samara, Russia,Europe,Euro_American,Casali et al. (2014)
ERR108457,ERR108457,2009,Samara, Russia,Europe,Euro_American,Casali et al. (2014)
ERR133893,ERR133893,2009,Samara, Russia,Europe,Euro_American,Casali et al. (2014)
ERR133964,ERR133964,2009,Samara, Russia,Europe,Euro_American,Casali et al. (2014)
ERR067666,ERR067666,2009,Samara, Russia,Europe,Euro_American,Casali et al. (2014)
ERR133864,ERR133864,2009,Samara, Russia,Europe,Euro_American,Casali et al. (2014)
ERR133938,ERR133938,2009,Samara, Russia,Europe,Euro_American,Casali et al. (2014)
ERR047886,ERR047886,2009,Samara, Russia,Europe,Euro_American,Casali et al. (2014)
ERR067678,ERR067678,2009,Samara, Russia,Europe,Euro_American,Casali et al. (2014)
ERR227994,ERR227994,2009,Samara, Russia,Europe,Euro_American,Casali et al. (2014)
ERR067602,ERR067602,2009,Samara, Russia,Europe,Euro_American,Casali et al. (2014)
ERR234699,ERR234699,2009,Samara, Russia,Europe,Euro_American,Casali et al. (2014)
ERR108508,ERR108508,2009,Samara, Russia,Europe,Euro_American,Casali et al. (2014)
ERR108478,ERR108478,2009,Samara, Russia,Europe,Euro_American,Casali et al. (2014)
ERR108504,ERR108504,2009,Samara, Russia,Europe,Euro_American,Casali et al. (2014)
ERR067735,ERR067735,2009,Samara, Russia,Europe,Euro_American,Casali et al. (2014)
ERR228063,ERR228063,2009,Samara, Russia,Europe,Euro_American,Casali et al. (2014)
ERR228035,ERR228035,2009,Samara, Russia,Europe,Euro_American,Casali et al. (2014)
ERR228055,ERR228055,2009,Samara, Russia,Europe,Euro_American,Casali et al. (2014)
ERR234696,ERR234696,2009,Samara, Russia,Europe,Euro_American,Casali et al. (2014)
ERR067719,ERR067719,2009,Samara, Russia,Europe,Euro_American,Casali et al. (2014)
ERR133980,ERR133980,2009,Samara, Russia,Europe,Euro_American,Casali et al. (2014)
ERR067726,ERR067726,2009,Samara, Russia,Europe,Euro_American,Casali et al. (2014)
ERR067579,ERR067579,2009,Samara, Russia,Europe,Euro_American,Casali et al. (2014)
ERR067680,ERR067680,2009,Samara, Russia,Europe,Euro_American,Casali et al. (2014)
ERR133807,ERR133807,2009,Samara, Russia,Europe,Euro_American,Casali et al. (2014)
ERR137238,ERR137238,2009,Samara, Russia,Europe,Euro_American,Casali et al. (2014)
ERR144587,ERR144587,2009,Samara, Russia,Europe,Euro_American,Casali et al. (2014)
ERR144602,ERR144602,2009,Samara, Russia,Europe,Euro_American,Casali et al. (2014)
ERR144557,ERR144557,2009,Samara, Russia,Europe,Euro_American,Casali et al. (2014)
ERR137191,ERR137191,2009,Samara, Russia,Europe,Euro_American,Casali et al. (2014)
ERR229991,ERR229991,2009,Samara, Russia,Europe,Euro_American,Casali et al. (2014)
ERR228023,ERR228023,2009,Samara, Russia,Europe,Euro_American,Casali et al. (2014)
ERR144592,ERR144592,2009,Samara, Russia,Europe,Euro_American,Casali et al. (2014)
ERR108442,ERR108442,2009,Samara, Russia,Europe,Euro_American,Casali et al. (2014)
ERR229963,ERR229963,2009,Samara, Russia,Europe,Euro_American,Casali et al. (2014)
ERR229967,ERR229967,2009,Samara, Russia,Europe,Euro_American,Casali et al. (2014)
ERR108463,ERR108463,2009,Samara, Russia,Europe,Euro_American,Casali et al. (2014)
ERR234694,ERR234694,2009,Samara, Russia,Europe,Euro_American,Casali et al. (2014)
ERR108468,ERR108468,2009,Samara, Russia,Europe,Euro_American,Casali et al. (2014)
ERR228065,ERR228065,2009,Samara, Russia,Europe,Euro_American,Casali et al. (2014)
ERR133989,ERR133989,2009,Samara, Russia,Europe,Euro_American,Casali et al. (2014)
ERR230001,ERR230001,2009,Samara, Russia,Europe,Euro_American,Casali et al. (2014)
ERR234578,ERR234578,2009,Samara, Russia,Europe,Euro_American,Casali et al. (2014)
ERR133939,ERR133939,2009,Samara, Russia,Europe,Euro_American,Casali et al. (2014)
ERR133808,ERR133808,2009,Samara, Russia,Europe,Euro_American,Casali et al. (2014)
ERR133803,ERR133803,2009,Samara, Russia,Europe,Euro_American,Casali et al. (2014)
ERR234592,ERR234592,2009,Samara, Russia,Europe,Euro_American,Casali et al. (2014)
ERR108460,ERR108460,2009,Samara, Russia,Europe,Euro_American,Casali et al. (2014)
ERR158571,ERR158571,2009,Samara, Russia,Europe,Euro_American,Casali et al. (2014)
ERR067676,ERR067676,2009,Samara, Russia,Europe,Euro_American,Casali et al. (2014)
ERR137199,ERR137199,2009,Samara, Russia,Europe,Euro_American,Casali et al. (2014)
ERR234625,ERR234625,2009,Samara, Russia,Europe,Euro_American,Casali et al. (2014)
ERR067708,ERR067708,2009,Samara, Russia,Europe,Euro_American,Casali et al. (2014)
ERR108427,ERR108427,2009,Samara, Russia,Europe,Euro_American,Casali et al. (2014)
ERR133813,ERR133813,2009,Samara, Russia,Europe,Euro_American,Casali et al. (2014)
ERR133817,ERR133817,2009,Samara, Russia,Europe,Euro_American,Casali et al. (2014)
ERR067614,ERR067614,2009,Samara, Russia,Europe,Euro_American,Casali et al. (2014)
ERR108432,ERR108432,2009,Samara, Russia,Europe,Euro_American,Casali et al. (2014)
ERR133841,ERR133841,2009,Samara, Russia,Europe,Euro_American,Casali et al. (2014)
ERR144585,ERR144585,2009,Samara, Russia,Europe,Euro_American,Casali et al. (2014)
ERR067640,ERR067640,2009,Samara, Russia,Europe,Euro_American,Casali et al. (2014)
ERR133828,ERR133828,2009,Samara, Russia,Europe,Euro_American,Casali et al. (2014)
ERR067682,ERR067682,2009,Samara, Russia,Europe,Euro_American,Casali et al. (2014)
ERR133934,ERR133934,2009,Samara, Russia,Europe,Euro_American,Casali et al. (2014)
ERR137213,ERR137213,2009,Samara, Russia,Europe,Euro_American,Casali et al. (2014)
ERR137261,ERR137261,2009,Samara, Russia,Europe,Euro_American,Casali et al. (2014)
ERR067756,ERR067756,2009,Samara, Russia,Europe,Euro_American,Casali et al. (2014)
ERR158612,ERR158612,2009,Samara, Russia,Europe,Euro_American,Casali et al. (2014)
ERR228000,ERR228000,2009,Samara, Russia,Europe,Euro_American,Casali et al. (2014)
ERR228047,ERR228047,2009,Samara, Russia,Europe,Euro_American,Casali et al. (2014)
ERR229948,ERR229948,2009,Samara, Russia,Europe,Euro_American,Casali et al. (2014)
ERR229956,ERR229956,2009,Samara, Russia,Europe,Euro_American,Casali et al. (2014)
ERR133881,ERR133881,2009,Samara, Russia,Europe,Euro_American,Casali et al. (2014)
ERR144629,ERR144629,2009,Samara, Russia,Europe,Euro_American,Casali et al. (2014)
ERR133836,ERR133836,2009,Samara, Russia,Europe,Euro_American,Casali et al. (2014)
ERR133835,ERR133835,2009,Samara, Russia,Europe,Euro_American,Casali et al. (2014)
ERR108448,ERR108448,2009,Samara, Russia,Europe,Euro_American,Casali et al. (2014)
ERR137197,ERR137197,2009,Samara, Russia,Europe,Euro_American,Casali et al. (2014)
ERR228057,ERR228057,2009,Samara, Russia,Europe,Euro_American,Casali et al. (2014)
ERR133909,ERR133909,2009,Samara, Russia,Europe,Euro_American,Casali et al. (2014)
H37Rv,NC_000962.3,1905,NA,NA,Euro_American,NCBI
